pdb	Hchain	Lchain	model	antigen_chain	antigen_type	antigen_het_name	antigen_name	short_header	date	compound	organism	heavy_species	light_species	antigen_species	authors	resolution	method	r_free	r_factor	scfv	engineered	heavy_subclass	light_subclass	light_ctype	affinity	delta_g	affinity_method	temperature	pmid
4rqq	B	A	0	NA	NA	NA	NA	IMMUNE SYSTEM	11/04/14	Crystal structure of human Fab PGDM1400, a broadly reactive and potent HIV-1 neutralizing antibody	HOMO SAPIENS	homo sapiens	homo sapiens		Julien, J.-P., Wilson, I.A.	3.1	X-RAY DIFFRACTION	0.253	0.221	False	True	unknown	IGKV2	Kappa	None	None	None	None	None
4rqq	D	C	0	NA	NA	NA	NA	IMMUNE SYSTEM	11/04/14	Crystal structure of human Fab PGDM1400, a broadly reactive and potent HIV-1 neutralizing antibody	HOMO SAPIENS	homo sapiens	homo sapiens		Julien, J.-P., Wilson, I.A.	3.1	X-RAY DIFFRACTION	0.253	0.221	False	True	unknown	IGKV2	Kappa	None	None	None	None	None
4rqq	H	L	0	NA	NA	NA	NA	IMMUNE SYSTEM	11/04/14	Crystal structure of human Fab PGDM1400, a broadly reactive and potent HIV-1 neutralizing antibody	HOMO SAPIENS	homo sapiens	homo sapiens		Julien, J.-P., Wilson, I.A.	3.1	X-RAY DIFFRACTION	0.253	0.221	False	True	unknown	IGKV2	Kappa	None	None	None	None	None
3u1s	H	L	0	NA	NA	NA	NA	IMMUNE SYSTEM	09/30/11	Crystal structure of human Fab PGT145, a broadly reactive and potent HIV-1 neutralizing antibody	HOMO SAPIENS	homo sapiens	homo sapiens		Julien, J.-P., Diwanji, D., Burton, D.R., Wilson, I.A.	2.3	X-RAY DIFFRACTION	0.228	0.195	False	True	IGHV1	IGKV2	Kappa	None	None	None	None	None
4nwu	H	L	0	NA	NA	NA	NA	IMMUNE SYSTEM	12/06/13	Crystal structure of APE1551, an anti-human NGF Fab with a nine amino acid insertion in CDR H1	HOMO SAPIENS	homo sapiens	homo sapiens		Verdino, P., Stanfield, R.L., Wilson, I.A.	1.602	X-RAY DIFFRACTION	0.198	0.166	False	True	IGHV1	IGKV4	Kappa	None	None	None	None	None
8ezl	H	H	0	A	protein	NA	25 kda ookinete surface antigen	IMMUNE SYSTEM	08/16/23	Pfs25 in complex with transmission-reducing antibody AS01-50	Plasmodium falciparum NF54	plasmodium falciparum nf54		plasmodium falciparum nf54	Shukla, N., Tang, W.K., Tolia, N.H.	2.3	X-RAY DIFFRACTION	0.255	0.216	True	True	unknown	unknown	unknown	None	None	None	None	None
6urh	H	L	0	C	protein	NA	hcv envelope glycoprotein e2	VIRAL PROTEIN/IMMUNE SYSTEM	10/23/19	Crystal structure of broadly neutralizing antibody AR3X in complex with Hepatitis C virus envelope glycoprotein E2 ectodomain	HEPACIVIRUS C; HOMO SAPIENS	homo sapiens	homo sapiens	hepacivirus c	Flyak, A.I., Bjorkman, P.J.	2.2	X-RAY DIFFRACTION	0.233	0.187	False	True	IGHV1	IGKV3	Kappa	None	None	None	None	None
8gbv	H	L	0	NA	NA	NA	NA	IMMUNE SYSTEM	06/07/23	Crystal structure of PC39-17A, an anti-HIV broadly neutralizing antibody	Homo sapiens	homo sapiens	homo sapiens		Murrell, S., Omorodion, O., Wilson, I.A.	2.08	X-RAY DIFFRACTION	0.230	0.193	False	True	IGHV4	IGKV3	Kappa	None	None	None	None	None
8gbv	A	B	0	NA	NA	NA	NA	IMMUNE SYSTEM	06/07/23	Crystal structure of PC39-17A, an anti-HIV broadly neutralizing antibody	Homo sapiens	homo sapiens	homo sapiens		Murrell, S., Omorodion, O., Wilson, I.A.	2.08	X-RAY DIFFRACTION	0.230	0.193	False	True	IGHV4	IGKV3	Kappa	None	None	None	None	None
4dqo	H	L	0	C	protein	NA	1fd6-v1v2 scaffold zm109 hiv-1 strain	IMMUNE SYSTEM	02/16/12	Crystal Structure of PG16 Fab in Complex with V1V2 Region from HIV-1 strain ZM109	HOMO SAPIENS; HUMAN IMMUNODEFICIENCY VIRUS 1	homo sapiens	homo sapiens	human immunodeficiency virus 1	Pancera, M., McLellan, J.S., Kwong, P.D.	2.438	X-RAY DIFFRACTION	0.230	0.201	False	True	IGHV3	IGLV2	Lambda	None	None	None	None	None
4uv4	H	L	0	NA	NA	NA	NA	IMMUNE SYSTEM	08/04/14	Crystal structure of anti-FPR Fpro0165 Fab fragment	HOMO SAPIENS	homo sapiens	homo sapiens		Douthwaite, J.A., Sridharan, S., Huntington, C., Marwood, R., Hammersley, J., Hakulinen, J.K., Ek, M., Sjogren, T., Rider, D., Privezentzev, C., Seaman, J.C., Cariuk, P., Knights, V., Young, J., Wilkinson, T., Sleeman, M., Finch, D.K., Lowe, D.C., Vaughan, T.J.	3.08	X-RAY DIFFRACTION	0.2804	0.2427	False	True	IGHV3	IGKV2	Kappa	None	None	None	None	None
8sir	H	L	0	A	protein	NA	spike protein s1	IMMUNE SYSTEM	03/13/24	Crystal structure of SARS-CoV-2 spike receptor-binding domain in complex with broadly neutralizing antibody CC25.54 Fab	Homo sapiens; Severe acute respiratory syndrome coronavirus 2	homo sapiens	homo sapiens	severe acute respiratory syndrome coronavirus2 	Liu, H., Wilson, I.A.	3.3	X-RAY DIFFRACTION	0.236	0.208	False	True	IGHV4	IGKV1	Kappa	None	None	None	None	None
4nug	H	L	0	NA	NA	NA	NA	IMMUNE SYSTEM	12/03/13	Crystal structure of HIV-1 broadly neutralizing antibody PGT151	HOMO SAPIENS	homo sapiens	homo sapiens		Blattner, C., Wilson, I.A.	1.8617	X-RAY DIFFRACTION	0.207	0.159	False	True	IGHV3	IGKV2D	Kappa	None	None	None	None	None
8sgg	A	B	0	NA	NA	NA	NA	IMMUNE SYSTEM	04/17/24	Crystal structure of Cy137D09, a monoclonal antibody isolated from macaques immunized with an Epstein-Barr virus glycoprotein 350 (gp350) nanoparticle vaccine	Macaca fascicularis	macaca fascicularis	macaca fascicularis		Joyce, M.G., Jensen, J.L., Chen, W.H., Kanekiyo, M.	2.03	X-RAY DIFFRACTION	0.247	0.191	False	True	IGHV4	IGLV5	Lambda	None	None	None	None	None
8sgg	C	D	0	NA	NA	NA	NA	IMMUNE SYSTEM	04/17/24	Crystal structure of Cy137D09, a monoclonal antibody isolated from macaques immunized with an Epstein-Barr virus glycoprotein 350 (gp350) nanoparticle vaccine	Macaca fascicularis	macaca fascicularis	macaca fascicularis		Joyce, M.G., Jensen, J.L., Chen, W.H., Kanekiyo, M.	2.03	X-RAY DIFFRACTION	0.247	0.191	False	True	IGHV4	IGLV5	Lambda	None	None	None	None	None
4fp8	I	M	0	B	protein	NA	hemagglutinin ha1 chain	VIRAL PROTEIN/IMMUNE SYSTEM	06/21/12	Crystal structure of broadly neutralizing antibody C05 bound to H3 influenza hemagglutinin, HA1 subunit	INFLUENZA A VIRUS; HOMO SAPIENS	homo sapiens	homo sapiens	influenza a virus	Ekiert, D.C., Wilson, I.A.	2.947	X-RAY DIFFRACTION	0.241	0.212	False	True	IGHV3	IGKV1	Kappa	None	None	None	None	None
4fp8	H	L	0	A	protein	NA	hemagglutinin ha1 chain	VIRAL PROTEIN/IMMUNE SYSTEM	06/21/12	Crystal structure of broadly neutralizing antibody C05 bound to H3 influenza hemagglutinin, HA1 subunit	INFLUENZA A VIRUS; HOMO SAPIENS	homo sapiens	homo sapiens	influenza a virus	Ekiert, D.C., Wilson, I.A.	2.947	X-RAY DIFFRACTION	0.241	0.212	False	True	IGHV3	IGKV1	Kappa	None	None	None	None	None
4fp8	K	O	0	D	protein	NA	hemagglutinin ha1 chain	VIRAL PROTEIN/IMMUNE SYSTEM	06/21/12	Crystal structure of broadly neutralizing antibody C05 bound to H3 influenza hemagglutinin, HA1 subunit	INFLUENZA A VIRUS; HOMO SAPIENS	homo sapiens	homo sapiens	influenza a virus	Ekiert, D.C., Wilson, I.A.	2.947	X-RAY DIFFRACTION	0.241	0.212	False	True	IGHV3	IGKV1	Kappa	None	None	None	None	None
4fp8	J	N	0	C	protein	NA	hemagglutinin ha1 chain	VIRAL PROTEIN/IMMUNE SYSTEM	06/21/12	Crystal structure of broadly neutralizing antibody C05 bound to H3 influenza hemagglutinin, HA1 subunit	INFLUENZA A VIRUS; HOMO SAPIENS	homo sapiens	homo sapiens	influenza a virus	Ekiert, D.C., Wilson, I.A.	2.947	X-RAY DIFFRACTION	0.241	0.212	False	True	IGHV3	IGKV1	Kappa	None	None	None	None	None
6jep	H	L	0	E	protein	NA	genome polyprotein	ANTIVIRAL PROTEIN	02/07/19	Structure of a neutralizing antibody bound to the Zika envelope protein domain III	HOMO SAPIENS; ZIKA VIRUS	homo sapiens	homo sapiens	zika virus	Wang, L., Wang, R.K., Wang, L., Ben, H.J., Yu, L., Gao, F., Shi, X.L., Yin, C.B., Zhang, F.C., Xiang, Y., Zhang, L.Q.	2.316	X-RAY DIFFRACTION	0.219	0.166	False	True	IGHV1	IGLV1	Lambda	None	None	None	None	None
6jep	K	I	0	F	protein	NA	genome polyprotein	ANTIVIRAL PROTEIN	02/07/19	Structure of a neutralizing antibody bound to the Zika envelope protein domain III	HOMO SAPIENS; ZIKA VIRUS	homo sapiens	homo sapiens	zika virus	Wang, L., Wang, R.K., Wang, L., Ben, H.J., Yu, L., Gao, F., Shi, X.L., Yin, C.B., Zhang, F.C., Xiang, Y., Zhang, L.Q.	2.316	X-RAY DIFFRACTION	0.219	0.166	False	True	IGHV1	IGLV1	Lambda	None	None	None	None	None
1rzf	H	L	0	NA	NA	NA	NA	IMMUNE SYSTEM	12/24/03	Crystal structure of Human anti-HIV-1 GP120-reactive antibody E51	HOMO SAPIENS	homo sapiens	homo sapiens		Huang, C.C., Venturi, M., Majeed, S., Moore, M.J., Phogat, S., Zhang, M.-Y., Dimitrov, D.S., Hendrickson, W.A., Robinson, J., Sodroski, J., Wyatt, R., Choe, H., Farzan, M., Kwong, P.D.	1.7	X-RAY DIFFRACTION	0.232	0.198	False	True	IGHV1	IGLV1	Lambda	None	None	None	None	None
5f89	H	L	0	NA	NA	NA	NA	IMMUNE SYSTEM	12/09/15	Structure of the Unliganded Fab from HIV-1 Neutralising Antibody CAP248-2B that Binds to the gp120 C-terminus - gp41 Interface	HOMO SAPIENS	homo sapiens	homo sapiens		Wibmer, C.K., Gorman, J., Kwong, P.D.	2.7842	X-RAY DIFFRACTION	0.279	0.228	False	True	IGHV4	IGLV2	Lambda	None	None	None	None	None
5f89	A	B	0	NA	NA	NA	NA	IMMUNE SYSTEM	12/09/15	Structure of the Unliganded Fab from HIV-1 Neutralising Antibody CAP248-2B that Binds to the gp120 C-terminus - gp41 Interface	HOMO SAPIENS	homo sapiens	homo sapiens		Wibmer, C.K., Gorman, J., Kwong, P.D.	2.7842	X-RAY DIFFRACTION	0.279	0.228	False	True	IGHV4	IGLV2	Lambda	None	None	None	None	None
5cex	D	C	0	NA	NA	NA	NA	IMMUNE SYSTEM	07/07/15	Crystal Structure of Fab 32H+109L, a putative precursor of the PGT121 family of potent HIV-1 antibodies	HOMO SAPIENS	homo sapiens	homo sapiens		Garces, F., Wilson, I.A.	2.105	X-RAY DIFFRACTION	0.244	0.200	False	True	IGHV4	IGLV3	Lambda	None	None	None	None	None
5cex	B	A	0	NA	NA	NA	NA	IMMUNE SYSTEM	07/07/15	Crystal Structure of Fab 32H+109L, a putative precursor of the PGT121 family of potent HIV-1 antibodies	HOMO SAPIENS	homo sapiens	homo sapiens		Garces, F., Wilson, I.A.	2.105	X-RAY DIFFRACTION	0.244	0.200	False	True	IGHV4	IGLV3	Lambda	None	None	None	None	None
8eee	H	L	0	E	protein	NA	envelope protein e	VIRAL PROTEIN/IMMUNE SYSTEM	08/30/23	Crystal structure of a NHP anti-ZIKV neutralizing antibody rhMZ104-d in complex with ZIKV E glycoprotein	Macaca mulatta; Zika virus ZIKV/H. sapiens/FrenchPolynesia/10087PF/2013	macaca mulatta	macaca mulatta	zika virus zikv/h.sapiens/frenchpolynesia/10087pf/2013 	Sankhala, R.S., Joyce, M.G.	2.819	X-RAY DIFFRACTION	0.275	0.217	False	True	IGHV3	IGLV11	Lambda	None	None	None	None	None
8eee	A	B	0	Z	protein	NA	envelope protein e	VIRAL PROTEIN/IMMUNE SYSTEM	08/30/23	Crystal structure of a NHP anti-ZIKV neutralizing antibody rhMZ104-d in complex with ZIKV E glycoprotein	Macaca mulatta; Zika virus ZIKV/H. sapiens/FrenchPolynesia/10087PF/2013	macaca mulatta	macaca mulatta	zika virus zikv/h.sapiens/frenchpolynesia/10087pf/2013 	Sankhala, R.S., Joyce, M.G.	2.819	X-RAY DIFFRACTION	0.275	0.217	False	True	IGHV3	IGLV11	Lambda	None	None	None	None	None
4ut6	I	M	0	B	protein	NA	envelope glycoprotein e	VIRAL PROTEIN	07/18/14	Crystal structure of dengue 2 virus envelope glycoprotein in complex  with the Fab fragment of the broadly neutralizing human antibody EDE2  B7	HOMO SAPIENS; DENGUE VIRUS 2	homo sapiens	homo sapiens	dengue virus 2	ROUVINSKI, A., GUARDADO-CALVO, P., BARBA-SPAETH, G., DUQUERROY, S., VANEY, M.C., REY, F.A.	3.2	X-RAY DIFFRACTION	0.2500	0.2120	False	True	IGHV3	IGLV2	Lambda	None	None	None	None	None
4ut6	H	L	0	A	protein	NA	envelope glycoprotein e	VIRAL PROTEIN	07/18/14	Crystal structure of dengue 2 virus envelope glycoprotein in complex  with the Fab fragment of the broadly neutralizing human antibody EDE2  B7	HOMO SAPIENS; DENGUE VIRUS 2	homo sapiens	homo sapiens	dengue virus 2	ROUVINSKI, A., GUARDADO-CALVO, P., BARBA-SPAETH, G., DUQUERROY, S., VANEY, M.C., REY, F.A.	3.2	X-RAY DIFFRACTION	0.2500	0.2120	False	True	IGHV3	IGLV2	Lambda	None	None	None	None	None
6qn8	E	F	0	NA	NA	NA	NA	IMMUNE SYSTEM	02/10/19	Structure of bovine anti-RSV Fab B13	BOS TAURUS	bos taurus	bos taurus		Ren, J., Nettleship, J.E., Harris, G., Mwangi, W., Rhaman, N., Grant, C., Kotecha, A., Fry, E., Charleston, B., Stuart, D.I., Hammond, J., Owens, R.J.	2.12	X-RAY DIFFRACTION	0.267	0.235	False	True	IGHV1	IGLV1	Lambda	None	None	None	None	None
6qn8	C	D	0	NA	NA	NA	NA	IMMUNE SYSTEM	02/10/19	Structure of bovine anti-RSV Fab B13	BOS TAURUS	bos taurus	bos taurus		Ren, J., Nettleship, J.E., Harris, G., Mwangi, W., Rhaman, N., Grant, C., Kotecha, A., Fry, E., Charleston, B., Stuart, D.I., Hammond, J., Owens, R.J.	2.12	X-RAY DIFFRACTION	0.267	0.235	False	True	IGHV1	IGLV1	Lambda	None	None	None	None	None
6qn8	H	L	0	NA	NA	NA	NA	IMMUNE SYSTEM	02/10/19	Structure of bovine anti-RSV Fab B13	BOS TAURUS	bos taurus	bos taurus		Ren, J., Nettleship, J.E., Harris, G., Mwangi, W., Rhaman, N., Grant, C., Kotecha, A., Fry, E., Charleston, B., Stuart, D.I., Hammond, J., Owens, R.J.	2.12	X-RAY DIFFRACTION	0.267	0.235	False	True	IGHV1	IGLV1	Lambda	None	None	None	None	None
6qn8	G	I	0	NA	NA	NA	NA	IMMUNE SYSTEM	02/10/19	Structure of bovine anti-RSV Fab B13	BOS TAURUS	bos taurus	bos taurus		Ren, J., Nettleship, J.E., Harris, G., Mwangi, W., Rhaman, N., Grant, C., Kotecha, A., Fry, E., Charleston, B., Stuart, D.I., Hammond, J., Owens, R.J.	2.12	X-RAY DIFFRACTION	0.267	0.235	False	True	IGHV1	IGLV1	Lambda	None	None	None	None	None
6qn8	A	B	0	NA	NA	NA	NA	IMMUNE SYSTEM	02/10/19	Structure of bovine anti-RSV Fab B13	BOS TAURUS	bos taurus	bos taurus		Ren, J., Nettleship, J.E., Harris, G., Mwangi, W., Rhaman, N., Grant, C., Kotecha, A., Fry, E., Charleston, B., Stuart, D.I., Hammond, J., Owens, R.J.	2.12	X-RAY DIFFRACTION	0.267	0.235	False	True	IGHV1	IGLV1	Lambda	None	None	None	None	None
6qn8	J	K	0	NA	NA	NA	NA	IMMUNE SYSTEM	02/10/19	Structure of bovine anti-RSV Fab B13	BOS TAURUS	bos taurus	bos taurus		Ren, J., Nettleship, J.E., Harris, G., Mwangi, W., Rhaman, N., Grant, C., Kotecha, A., Fry, E., Charleston, B., Stuart, D.I., Hammond, J., Owens, R.J.	2.12	X-RAY DIFFRACTION	0.267	0.235	False	True	IGHV1	IGLV1	Lambda	None	None	None	None	None
7n4j	H	L	0	A	protein	NA	spike protein s1	VIRAL PROTEIN/IMMUNE SYSTEM	06/04/21	Crystal structure of SARS-CoV-2 receptor binding domain in complex with neutralizing human antibody WRAIR-2173.	SEVERE ACUTE RESPIRATORY SYNDROME CORONAVIRUS 2; HOMO SAPIENS	homo sapiens	homo sapiens	severe acute respiratory syndrome coronavirus2 	Sankhala, R.S., Joyce, M.G.	2.207	X-RAY DIFFRACTION	0.207	0.172	False	True	IGHV4	IGLV1	Lambda	None	None	None	None	None
6lxj	M	N	0	D	protein	NA	neuraminidase	HYDROLASE/IMMUNE SYSTEM	02/11/20	Crystal structure of human Z2B3 Fab in complex with influenza virus neuraminidase from A/Anhui/1/2013 (H7N9)	INFLUENZA A VIRUS (A/ANHUI/1-BALF_RG44/2013(H7N9)); HOMO SAPIENS	homo sapiens	homo sapiens	influenza a virus (a/anhui/1-balf_rg44/2013(h7n9)) 	Jiang, H., Peng, W., Qi, J., Chai, Y., Song, H., Shi, Y., Gao, G.F., Wu, Y.	2.903	X-RAY DIFFRACTION	0.241	0.193	False	True	IGHV1	IGLV2	Lambda	None	None	None	None	None
6lxj	E	F	0	B	protein	NA	neuraminidase	HYDROLASE/IMMUNE SYSTEM	02/11/20	Crystal structure of human Z2B3 Fab in complex with influenza virus neuraminidase from A/Anhui/1/2013 (H7N9)	INFLUENZA A VIRUS (A/ANHUI/1-BALF_RG44/2013(H7N9)); HOMO SAPIENS	homo sapiens	homo sapiens	influenza a virus (a/anhui/1-balf_rg44/2013(h7n9)) 	Jiang, H., Peng, W., Qi, J., Chai, Y., Song, H., Shi, Y., Gao, G.F., Wu, Y.	2.903	X-RAY DIFFRACTION	0.241	0.193	False	True	IGHV1	IGLV2	Lambda	None	None	None	None	None
6lxj	H	L	0	A	protein	NA	neuraminidase	HYDROLASE/IMMUNE SYSTEM	02/11/20	Crystal structure of human Z2B3 Fab in complex with influenza virus neuraminidase from A/Anhui/1/2013 (H7N9)	INFLUENZA A VIRUS (A/ANHUI/1-BALF_RG44/2013(H7N9)); HOMO SAPIENS	homo sapiens	homo sapiens	influenza a virus (a/anhui/1-balf_rg44/2013(h7n9)) 	Jiang, H., Peng, W., Qi, J., Chai, Y., Song, H., Shi, Y., Gao, G.F., Wu, Y.	2.903	X-RAY DIFFRACTION	0.241	0.193	False	True	IGHV1	IGLV2	Lambda	None	None	None	None	None
6lxj	J	K	0	C	protein	NA	neuraminidase	HYDROLASE/IMMUNE SYSTEM	02/11/20	Crystal structure of human Z2B3 Fab in complex with influenza virus neuraminidase from A/Anhui/1/2013 (H7N9)	INFLUENZA A VIRUS (A/ANHUI/1-BALF_RG44/2013(H7N9)); HOMO SAPIENS	homo sapiens	homo sapiens	influenza a virus (a/anhui/1-balf_rg44/2013(h7n9)) 	Jiang, H., Peng, W., Qi, J., Chai, Y., Song, H., Shi, Y., Gao, G.F., Wu, Y.	2.903	X-RAY DIFFRACTION	0.241	0.193	False	True	IGHV1	IGLV2	Lambda	None	None	None	None	None
5u3j	H	L	0	A	peptide	NA	gp41 mper peptide	IMMUNE SYSTEM/VIRAL PROTEIN	12/02/16	Crystal Structure of DH511.1 Fab in Complex with HIV-1 gp41 MPER Peptide	HOMO SAPIENS; SYNTHETIC CONSTRUCT	homo sapiens	homo sapiens	human immunodeficiency virus 1	Ofek, G., Wu, L., Lougheed, C.S., Williams, L.D., Nicely, N.I., Haynes, B.F.	2.74	X-RAY DIFFRACTION	0.264	0.229	False	True	IGHV3	IGKV1	Kappa	None	None	None	None	None
4m1d	I	M	0	Q	peptide	NA	cyclic v3 arch peptide	IMMUNE SYSTEM	08/02/13	Crystal structure of anti-HIV-1 Fab 447-52D in complex with V3 cyclic peptide MN	HOMO SAPIENS; SYNTHETIC CONSTRUCT	homo sapiens	homo sapiens		Killikelly, A., Kong, X.P.	1.8	X-RAY DIFFRACTION	0.216	0.186	False	True	IGHV3	IGLV1	Lambda	None	None	None
4m1d	H	L	0	P	peptide	NA	cyclic v3 arch peptide	IMMUNE SYSTEM	08/02/13	Crystal structure of anti-HIV-1 Fab 447-52D in complex with V3 cyclic peptide MN	HOMO SAPIENS; SYNTHETIC CONSTRUCT	homo sapiens	homo sapiens		Killikelly, A., Kong, X.P.	1.8	X-RAY DIFFRACTION	0.216	0.186	False	True	IGHV3	IGLV1	Lambda	None	None	None
3thm	H	L	0	F	protein	NA	tumor necrosis factor receptor superfamily member 6	IMMUNE SYSTEM	08/19/11	Crystal structure of Fas receptor extracellular domain in complex with Fab EP6b_B01	HOMO SAPIENS	homo sapiens	homo sapiens	homo sapiens	Zuger, S., Stirnimann, C., Briand, C., Grutter, M.G.	2.1	X-RAY DIFFRACTION	0.221	0.183	False	True	IGHV4	IGLV1	Lambda	None	None	None	None	None
6e3h	H	L	0	B | A	protein | protein	NA | NA	hemagglutinin ha2 | hemagglutinin ha1	viral protein/immune system	07/14/18	Crystal structure of S9-3-37 bound to H5 influenza hemagglutinin	INFLUENZA A VIRUS; HOMO SAPIENS	homo sapiens	homo sapiens	influenza a virus | influenza a virus	Wu, N.C., Wilson, I.A.	2.9	X-RAY DIFFRACTION	0.248	0.205	False	True	IGHV1	IGKV2	Kappa	None	None	None	None	None
4hf5	H	L	0	A	protein	NA	hemagglutinin ha1	VIRAL PROTEIN/IMMUNE SYSTEM	10/04/12	Crystal structure of Fab 8F8 in complex a H2N2 influenza virus hemagglutinin	INFLUENZA A VIRUS; HOMO SAPIENS	homo sapiens	homo sapiens	influenza a virus	Xu, R., Wilson, I.A.	3.004	X-RAY DIFFRACTION	0.282	0.229	False	True	IGHV3	IGLV1	Lambda	None	None	None	None	None
3u46	A	B	0	NA	NA	NA	NA	IMMUNE SYSTEM	10/07/11	CH04H/CH02L P212121	HOMO SAPIENS	homo sapiens	homo sapiens		Louder, R., Pancera, M., McLellan, J.S., Kwong, P.D.	2.906	X-RAY DIFFRACTION	0.245	0.215	False	True	IGHV3	IGKV3	Kappa	None	None	None	None	None
3u46	H	L	0	NA	NA	NA	NA	IMMUNE SYSTEM	10/07/11	CH04H/CH02L P212121	HOMO SAPIENS	homo sapiens	homo sapiens		Louder, R., Pancera, M., McLellan, J.S., Kwong, P.D.	2.906	X-RAY DIFFRACTION	0.245	0.215	False	True	IGHV3	IGKV3	Kappa	None	None	None	None	None
6mtn	H	L	0	G	protein	NA	envelope glycoprotein gp160	IMMUNE SYSTEM/INHIBITOR	10/20/18	Crystal Structure of HIV-1 BG505 SOSIP.664 Prefusion Env Trimer Bound to Small Molecule HIV-1 Entry Inhibitor Compound 484 in Complex with Human Antibodies 3H109L and 35O22 at 3.0 Angstrom	HUMAN IMMUNODEFICIENCY VIRUS 1; HOMO SAPIENS	homo sapiens	homo sapiens	human immunodeficiency virus 1	Lai, Y.-T., Kwong, P.D.	2.5	X-RAY DIFFRACTION	0.263	0.223	False	True	IGHV4	unknown	unknown	None	None	None	None	None
6mtn	D	E	0	B	protein	NA	envelope glycoprotein gp160	IMMUNE SYSTEM/INHIBITOR	10/20/18	Crystal Structure of HIV-1 BG505 SOSIP.664 Prefusion Env Trimer Bound to Small Molecule HIV-1 Entry Inhibitor Compound 484 in Complex with Human Antibodies 3H109L and 35O22 at 3.0 Angstrom	HUMAN IMMUNODEFICIENCY VIRUS 1; HOMO SAPIENS	homo sapiens	homo sapiens	human immunodeficiency virus 1	Lai, Y.-T., Kwong, P.D.	2.5	X-RAY DIFFRACTION	0.263	0.223	False	True	unknown	unknown	unknown	None	None	None	None	None
5d1q	B	A	0	E	protein	NA	iron-regulated surface determinant protein b	IMMUNE SYSTEM	08/04/15	IsdB NEAT2 bound by clone D2-06	HOMO SAPIENS; STAPHYLOCOCCUS AUREUS (STRAIN BOVINE RF122 / ET3-1)	homo sapiens	homo sapiens	staphylococcus aureus (strain bovine rf122 /et3-1) 	Deng, X.	3.22	X-RAY DIFFRACTION	0.288	0.239	False	True	IGHV1	IGKV1	Kappa	None	None	None	None	None
5d1q	C	D	0	E	protein	NA	iron-regulated surface determinant protein b	IMMUNE SYSTEM	08/04/15	IsdB NEAT2 bound by clone D2-06	HOMO SAPIENS; STAPHYLOCOCCUS AUREUS (STRAIN BOVINE RF122 / ET3-1)	homo sapiens	homo sapiens	staphylococcus aureus (strain bovine rf122 /et3-1) 	Deng, X.	3.22	X-RAY DIFFRACTION	0.288	0.239	False	True	IGHV3	IGKV3	Kappa	None	None	None	None	None
5feh	B	A	0	NA	NA	NA	NA	IMMUNE SYSTEM	12/17/15	Crystal structure of PCT64_35B, a broadly neutralizing anti-HIV antibody	HOMO SAPIENS	homo sapiens	homo sapiens		Murrell, S., Wilson, I.A.	3.1	X-RAY DIFFRACTION	0.279	0.259	False	True	IGHV3	IGKV3	Kappa	None	None	None	None	None
5feh	D	C	0	NA	NA	NA	NA	IMMUNE SYSTEM	12/17/15	Crystal structure of PCT64_35B, a broadly neutralizing anti-HIV antibody	HOMO SAPIENS	homo sapiens	homo sapiens		Murrell, S., Wilson, I.A.	3.1	X-RAY DIFFRACTION	0.279	0.259	False	True	IGHV3	IGKV3	Kappa	None	None	None	None	None
5feh	F	E	0	NA	NA	NA	NA	IMMUNE SYSTEM	12/17/15	Crystal structure of PCT64_35B, a broadly neutralizing anti-HIV antibody	HOMO SAPIENS	homo sapiens	homo sapiens		Murrell, S., Wilson, I.A.	3.1	X-RAY DIFFRACTION	0.279	0.259	False	True	IGHV3	IGKV3	Kappa	None	None	None	None	None
3q6g	H	L	0	NA	NA	NA	NA	IMMUNE SYSTEM	12/31/10	Crystal structure of Fab of rhesus mAb 2.5B specific for quaternary neutralizing epitope of HIV-1 gp120	MACACA MULATTA	macaca mulatta	macaca mulatta		Spurrier, B., Sampson, J., Totrov, M., Li, H., O'Neal, T., William, C., Robinson, J., Gorny, M.K., Zolla-Pazner, S., Kong, X.P.	1.902	X-RAY DIFFRACTION	0.231	0.191	False	False	IGHV4	IGLV3	Lambda	None	None	None	None	None
3q6g	I	M	0	NA	NA	NA	NA	IMMUNE SYSTEM	12/31/10	Crystal structure of Fab of rhesus mAb 2.5B specific for quaternary neutralizing epitope of HIV-1 gp120	MACACA MULATTA	macaca mulatta	macaca mulatta		Spurrier, B., Sampson, J., Totrov, M., Li, H., O'Neal, T., William, C., Robinson, J., Gorny, M.K., Zolla-Pazner, S., Kong, X.P.	1.902	X-RAY DIFFRACTION	0.231	0.191	False	False	IGHV4	IGLV3	Lambda	None	None	None	None	None
8v2e	A	B	0	C	protein	NA	10e8 epitope scaffold b055	IMMUNE SYSTEM	06/12/24	Crystal structure of B055 scaffold boost immunogen in complex with a mature 10E8 Fab	Homo sapiens; synthetic construct	homo sapiens	homo sapiens	synthetic construct	Cho, S.Y., Wilson, I.A.	2.62	X-RAY DIFFRACTION	0.276	0.228	False	True	IGHV3	IGLV3	Lambda	None	None	None	None	None
8v2e	D	E	0	F	protein	NA	10e8 epitope scaffold b055	IMMUNE SYSTEM	06/12/24	Crystal structure of B055 scaffold boost immunogen in complex with a mature 10E8 Fab	Homo sapiens; synthetic construct	homo sapiens	homo sapiens	synthetic construct	Cho, S.Y., Wilson, I.A.	2.62	X-RAY DIFFRACTION	0.276	0.228	False	True	IGHV3	IGLV3	Lambda	None	None	None	None	None
8g8c	H	L	0	C	peptide	NA	env polyprotein	IMMUNE SYSTEM	05/22/24	Crystal structure of DH1322.1 Fab in complex with HIV proximal MPER peptide	Homo sapiens; SYNTHETIC CONSTRUCT	homo sapiens	homo sapiens	human immunodeficiency virus 1	Niyongabo, A., Janus, B.M., Ofek, G.	2.08	X-RAY DIFFRACTION	0.229	0.199	False	True	IGHV7	IGKV3	Kappa	None	None	None	None	None
8g8c	A	B	0	P	peptide	NA	env polyprotein	IMMUNE SYSTEM	05/22/24	Crystal structure of DH1322.1 Fab in complex with HIV proximal MPER peptide	Homo sapiens; SYNTHETIC CONSTRUCT	homo sapiens	homo sapiens	human immunodeficiency virus 1	Niyongabo, A., Janus, B.M., Ofek, G.	2.08	X-RAY DIFFRACTION	0.229	0.199	False	True	IGHV7	IGKV3	Kappa	None	None	None	None	None
8fdo	A	B	0	C	protein	NA	fp15	IMMUNE SYSTEM	10/11/23	SARS-CoV-2 fusion peptide epitope scaffold FP15 bound to DH1058	Escherichia coli; Homo sapiens	homo sapiens	homo sapiens	escherichia coli	Kapingidza, A.B., Marston, D.J., Wrapp, D., Winters, K., Azoitei, M.L.	2.2	X-RAY DIFFRACTION	0.229	0.189	False	True	IGHV3	IGKV1	Kappa	None	None	None	None	None
4p9m	H	L	0	NA	NA	NA	NA	IMMUNE SYSTEM	04/04/14	Crystal structure of 8ANC195 Fab	HOMO SAPIENS	homo sapiens	homo sapiens		Scharf, L., Bjorkman, P.J.	2.13	X-RAY DIFFRACTION	0.239	0.211	False	True	unknown	IGKV1	Kappa	None	None	None	None	None
3tv3	H	L	0	A	carbohydrate	MAN	ALPHA-D-MANNOSE	IMMUNE SYSTEM	09/19/11	Crystal structure of broad and potent HIV-1 neutralizing antibody PGT128 in complex with Man9	HOMO SAPIENS	homo sapiens	homo sapiens		Pejchal, R., Wilson, I.A.	1.29	X-RAY DIFFRACTION	0.184	0.159	False	True	IGHV4	IGLV2	Lambda	None	None	None	None	None
4jm4	H	L	0	NA	NA	NA	NA	IMMUNE SYSTEM	03/13/13	Crystal Structure of PGT 135 Fab	HOMO SAPIENS	homo sapiens	homo sapiens		Kong, L., Wilson, I.A.	1.751	X-RAY DIFFRACTION	0.245	0.207	False	True	IGHV4	IGKV3	Kappa	None	None	None	None	None
7ttx	H	L	0	A	protein	NA	spike glycoprotein	VIRAL PROTEIN/IMMUNE SYSTEM	02/02/22	Crystal structure of potent neutralizing antibody 10-40 in complex with Sarbecovirus bat RaGT13 receptor-binding domain	BAT CORONAVIRUS RATG13; HOMO SAPIENS	homo sapiens	homo sapiens	bat coronavirus ratg13	Reddem, E.R., Shapiro, L.	2.8	X-RAY DIFFRACTION	0.321	0.222	False	True	IGHV4	IGLV6	Lambda	None	None	None	None	None
5vvf	H	L	0	NA	NA	NA	NA	IMMUNE SYSTEM	05/19/17	Crystal Structure of 354BG1 Fab	HOMO SAPIENS	homo sapiens	homo sapiens		Scharf, L., Gristick, H.B., Bjorkman, P.J.	2.0	X-RAY DIFFRACTION	0.247	0.210	False	True	unknown	IGKV1	Kappa	None	None	None	None	None
9ml8	E	F	0	B	protein	NA	spike protein s1	VIRAL PROTEIN/IMMUNE SYSTEM	06/04/25	Crystal structure of the SARS-CoV-2 RBD in complex with the rabbit M8b-B1 Fab	Oryctolagus cuniculus; Severe acute respiratory syndrome coronavirus 2	oryctolagus cuniculus	oryctolagus cuniculus	severe acute respiratory syndrome coronavirus2 	Fan, C., Bjorkman, P.J.	2.4	X-RAY DIFFRACTION	0.247	0.223	False	True	IGHV1	IGKV1	Kappa	None	None	None	None	None
9ml8	H	L	0	A	protein	NA	spike protein s1	VIRAL PROTEIN/IMMUNE SYSTEM	06/04/25	Crystal structure of the SARS-CoV-2 RBD in complex with the rabbit M8b-B1 Fab	Oryctolagus cuniculus; Severe acute respiratory syndrome coronavirus 2	oryctolagus cuniculus	oryctolagus cuniculus	severe acute respiratory syndrome coronavirus2 	Fan, C., Bjorkman, P.J.	2.4	X-RAY DIFFRACTION	0.247	0.223	False	True	IGHV1	IGKV1	Kappa	None	None	None	None	None
9ml8	M	N	0	C	protein	NA	spike protein s1	VIRAL PROTEIN/IMMUNE SYSTEM	06/04/25	Crystal structure of the SARS-CoV-2 RBD in complex with the rabbit M8b-B1 Fab	Oryctolagus cuniculus; Severe acute respiratory syndrome coronavirus 2	oryctolagus cuniculus	oryctolagus cuniculus	severe acute respiratory syndrome coronavirus2 	Fan, C., Bjorkman, P.J.	2.4	X-RAY DIFFRACTION	0.247	0.223	False	True	IGHV1	IGKV1	Kappa	None	None	None	None	None
9ml8	P	Q	0	D	protein	NA	spike protein s1	VIRAL PROTEIN/IMMUNE SYSTEM	06/04/25	Crystal structure of the SARS-CoV-2 RBD in complex with the rabbit M8b-B1 Fab	Oryctolagus cuniculus; Severe acute respiratory syndrome coronavirus 2	oryctolagus cuniculus	oryctolagus cuniculus	severe acute respiratory syndrome coronavirus2 	Fan, C., Bjorkman, P.J.	2.4	X-RAY DIFFRACTION	0.247	0.223	False	True	IGHV1	IGKV1	Kappa	None	None	None	None	None
8vte	B	A	0	E	protein	NA	t-cell immunoreceptor with ig and itim domains	IMMUNE SYSTEM	05/28/25	Co-structure of the Fab of the anti-TIGIT Vibostolimab antibody with its antigen	Homo sapiens; Mus musculus	mus musculus	mus musculus	homo sapiens	Fischmann, T., Bahmanjah, S.	2.29	X-RAY DIFFRACTION	0.268	0.229	False	True	IGHV6	IGKV4	Kappa	None	None	None	None	None
8vte	D	C	0	F	protein	NA	t-cell immunoreceptor with ig and itim domains	IMMUNE SYSTEM	05/28/25	Co-structure of the Fab of the anti-TIGIT Vibostolimab antibody with its antigen	Homo sapiens; Mus musculus	mus musculus	mus musculus	homo sapiens	Fischmann, T., Bahmanjah, S.	2.29	X-RAY DIFFRACTION	0.268	0.229	False	True	IGHV6	IGKV4	Kappa	None	None	None	None	None
8t1g	G	I	0	D | C	protein | protein	NA | NA	hemagglutinin ha2 | hemagglutinin ha1	IMMUNE SYSTEM/VIRAL PROTEIN	05/29/24	The crystal structure of hemagglutinin form a h7n9 influenza virus (a/shanghai/1/2013) in complex with antibody 1E11	Homo sapiens; Influenza A virus	homo sapiens	homo sapiens	influenza a virus | influenza a virus	Zhou, T., Kwong, P.D.	3.5	X-RAY DIFFRACTION	0.215	0.182	False	True	IGHV4	IGKV2	Kappa	None	None	None	None	None
8t1g	H	L	0	F | E	protein | protein	NA | NA	hemagglutinin ha2 | hemagglutinin ha1	IMMUNE SYSTEM/VIRAL PROTEIN	05/29/24	The crystal structure of hemagglutinin form a h7n9 influenza virus (a/shanghai/1/2013) in complex with antibody 1E11	Homo sapiens; Influenza A virus	homo sapiens	homo sapiens	influenza a virus | influenza a virus	Zhou, T., Kwong, P.D.	3.5	X-RAY DIFFRACTION	0.215	0.182	False	True	IGHV4	IGKV2	Kappa	None	None	None	None	None
8t1g	J	K	0	B | A	protein | protein	NA | NA	hemagglutinin ha2 | hemagglutinin ha1	IMMUNE SYSTEM/VIRAL PROTEIN	05/29/24	The crystal structure of hemagglutinin form a h7n9 influenza virus (a/shanghai/1/2013) in complex with antibody 1E11	Homo sapiens; Influenza A virus	homo sapiens	homo sapiens	influenza a virus | influenza a virus	Zhou, T., Kwong, P.D.	3.5	X-RAY DIFFRACTION	0.215	0.182	False	True	IGHV4	IGKV2	Kappa	None	None	None	None	None
8hrd	O	P	0	A	protein	NA	spike protein s1	VIRAL PROTEIN/IMMUNE SYSTEM	12/20/23	Crystal structure of the receptor binding domain of SARS-CoV-2 Delta variant in complex with IMCAS74 Fab and W14 Fab	Homo sapiens; Severe acute respiratory syndrome coronavirus 2	homo sapiens	homo sapiens	severe acute respiratory syndrome coronavirus2 	Zhao, R.C., Wu, L.L., Han, P.	2.86	X-RAY DIFFRACTION	0.244	0.212	False	True	IGHV5	IGLV1	Lambda	None	None	None	None	None
8hrd	D	F	0	A	protein	NA	spike protein s1	VIRAL PROTEIN/IMMUNE SYSTEM	12/20/23	Crystal structure of the receptor binding domain of SARS-CoV-2 Delta variant in complex with IMCAS74 Fab and W14 Fab	Homo sapiens; Severe acute respiratory syndrome coronavirus 2	homo sapiens	homo sapiens	severe acute respiratory syndrome coronavirus2 	Zhao, R.C., Wu, L.L., Han, P.	2.86	X-RAY DIFFRACTION	0.244	0.212	False	True	IGHV4	IGKV1	Kappa	None	None	None	None	None
8hrd	C	E	0	B	protein	NA	spike protein s1	VIRAL PROTEIN/IMMUNE SYSTEM	12/20/23	Crystal structure of the receptor binding domain of SARS-CoV-2 Delta variant in complex with IMCAS74 Fab and W14 Fab	Homo sapiens; Severe acute respiratory syndrome coronavirus 2	homo sapiens	homo sapiens	severe acute respiratory syndrome coronavirus2 	Zhao, R.C., Wu, L.L., Han, P.	2.86	X-RAY DIFFRACTION	0.244	0.212	False	True	IGHV5	IGLV1	Lambda	None	None	None	None	None
8hrd	G	H	0	B	protein	NA	spike protein s1	VIRAL PROTEIN/IMMUNE SYSTEM	12/20/23	Crystal structure of the receptor binding domain of SARS-CoV-2 Delta variant in complex with IMCAS74 Fab and W14 Fab	Homo sapiens; Severe acute respiratory syndrome coronavirus 2	homo sapiens	homo sapiens	severe acute respiratory syndrome coronavirus2 	Zhao, R.C., Wu, L.L., Han, P.	2.86	X-RAY DIFFRACTION	0.244	0.212	False	True	IGHV4	IGKV1	Kappa	None	None	None	None	None
8hrd	L	M	0	K	protein	NA	spike protein s1	VIRAL PROTEIN/IMMUNE SYSTEM	12/20/23	Crystal structure of the receptor binding domain of SARS-CoV-2 Delta variant in complex with IMCAS74 Fab and W14 Fab	Homo sapiens; Severe acute respiratory syndrome coronavirus 2	homo sapiens	homo sapiens	severe acute respiratory syndrome coronavirus2 	Zhao, R.C., Wu, L.L., Han, P.	2.86	X-RAY DIFFRACTION	0.244	0.212	False	True	IGHV5	IGLV1	Lambda	None	None	None	None	None
8hrd	N	Q	0	K	protein	NA	spike protein s1	VIRAL PROTEIN/IMMUNE SYSTEM	12/20/23	Crystal structure of the receptor binding domain of SARS-CoV-2 Delta variant in complex with IMCAS74 Fab and W14 Fab	Homo sapiens; Severe acute respiratory syndrome coronavirus 2	homo sapiens	homo sapiens	severe acute respiratory syndrome coronavirus2 	Zhao, R.C., Wu, L.L., Han, P.	2.86	X-RAY DIFFRACTION	0.244	0.212	False	True	IGHV4	IGKV1	Kappa	None	None	None	None	None
8hrd	W	X	0	T	protein	NA	spike protein s1	VIRAL PROTEIN/IMMUNE SYSTEM	12/20/23	Crystal structure of the receptor binding domain of SARS-CoV-2 Delta variant in complex with IMCAS74 Fab and W14 Fab	Homo sapiens; Severe acute respiratory syndrome coronavirus 2	homo sapiens	homo sapiens	severe acute respiratory syndrome coronavirus2 	Zhao, R.C., Wu, L.L., Han, P.	2.86	X-RAY DIFFRACTION	0.244	0.212	False	True	IGHV5	IGLV1	Lambda	None	None	None	None	None
8hrd	Y	Z	0	T	protein	NA	spike protein s1	VIRAL PROTEIN/IMMUNE SYSTEM	12/20/23	Crystal structure of the receptor binding domain of SARS-CoV-2 Delta variant in complex with IMCAS74 Fab and W14 Fab	Homo sapiens; Severe acute respiratory syndrome coronavirus 2	homo sapiens	homo sapiens	severe acute respiratory syndrome coronavirus2 	Zhao, R.C., Wu, L.L., Han, P.	2.86	X-RAY DIFFRACTION	0.244	0.212	False	True	IGHV4	IGKV1	Kappa	None	None	None	None	None
6q18	H	L	0	A	protein	NA	hemagglutinin	IMMUNE SYSTEM	08/03/19	Human antibody H1244 in complex with the influenza hemagglutinin head domain of A/Beijing/262/95(H1N1)	INFLUENZA A VIRUS (A/BEIJING/262/1995(H1N1)); HOMO SAPIENS	homo sapiens	homo sapiens	influenza a virus (a/beijing/262/1995(h1n1))	McCarthy, K.R., Harrison, S.C.	2.55	X-RAY DIFFRACTION	0.243	0.206	False	True	IGHV4	IGLV3	Lambda	None	None	None	None	None
6oor	H	L	0	A	protein	NA	antigen-presenting glycoprotein cd1d1	IMMUNE SYSTEM	04/23/19	Structure of 1B1 bound to mouse CD1d	MUS MUSCULUS; RATTUS NORVEGICUS	rattus norvegicus	rattus norvegicus	mus musculus	Ying, G., Zajonc, D.M.	2.45	X-RAY DIFFRACTION	0.244	0.208	False	True	IGHV5	IGKV9	Kappa	None	None	None	None	None
4ydv	H	L	0	P	peptide	NA	hiv gp41 peptide gp41(596-606)	IMMUNE SYSTEM	02/23/15	STRUCTURE OF THE ANTIBODY 7B2 THAT CAPTURES HIV-1 VIRIONS	HOMO SAPIENS; SYNTHETIC CONSTRUCT	homo sapiens	homo sapiens	human immunodeficiency virus 1	Nicely, N.I., Pemble IV, C.W.	2.7	X-RAY DIFFRACTION	0.223	0.189	False	True	IGHV3	IGKV4	Kappa	None	None	None	None	None
4ydv	B	A	0	Q	peptide	NA	hiv gp41 peptide gp41(596-606)	IMMUNE SYSTEM	02/23/15	STRUCTURE OF THE ANTIBODY 7B2 THAT CAPTURES HIV-1 VIRIONS	HOMO SAPIENS; SYNTHETIC CONSTRUCT	homo sapiens	homo sapiens	human immunodeficiency virus 1	Nicely, N.I., Pemble IV, C.W.	2.7	X-RAY DIFFRACTION	0.223	0.189	False	True	IGHV3	IGKV4	Kappa	None	None	None	None	None
6db7	I	M	0	Q	peptide	NA	hiv-1 gp120 v3 peptide from mn strain	IMMUNE SYSTEM	05/02/18	Crystal structure of anti-HIV-1 V3 Fab 1334 in complex with a HIV-1 gp120 V3 peptide from MN strain	HOMO SAPIENS; SYNTHETIC CONSTRUCT	homo sapiens	homo sapiens	human immunodeficiency virus 1	Chan, K.-W., Kong, X.-P.	2.213	X-RAY DIFFRACTION	0.260	0.213	False	True	IGHV1	IGLV3	Lambda	None	None	None	None	None
6db7	H	L	0	P	peptide	NA	hiv-1 gp120 v3 peptide from mn strain	IMMUNE SYSTEM	05/02/18	Crystal structure of anti-HIV-1 V3 Fab 1334 in complex with a HIV-1 gp120 V3 peptide from MN strain	HOMO SAPIENS; SYNTHETIC CONSTRUCT	homo sapiens	homo sapiens	human immunodeficiency virus 1	Chan, K.-W., Kong, X.-P.	2.213	X-RAY DIFFRACTION	0.260	0.213	False	True	IGHV1	IGLV3	Lambda	None	None	None	None	None
4rnr	C	D	0	D	carbohydrate	NAG	N-ACETYL-D-GLUCOSAMINE	IMMUNE SYSTEM	10/24/14	Crystal structure of broadly neutralizing anti-HIV antibody PGT130	HOMO SAPIENS	homo sapiens	homo sapiens	homo sapiens	Kong, L., Wilson, I.A.	2.758	X-RAY DIFFRACTION	0.269	0.244	False	True	IGHV4	IGLV2	Lambda	None	None	None	None	None
4rnr	A	B	0	B	carbohydrate	NAG	N-ACETYL-D-GLUCOSAMINE	IMMUNE SYSTEM	10/24/14	Crystal structure of broadly neutralizing anti-HIV antibody PGT130	HOMO SAPIENS	homo sapiens	homo sapiens	homo sapiens	Kong, L., Wilson, I.A.	2.758	X-RAY DIFFRACTION	0.269	0.244	False	True	IGHV4	IGLV2	Lambda	None	None	None	None	None
6ncp	C	D	0	E	peptide	NA	hiv-1 fusion peptide (residues 512-520)	IMMUNE SYSTEM	12/11/18	Crystal structure of HIV-1 broadly neutralizing antibody ACS202	HOMO SAPIENS; SYNTHETIC CONSTRUCT	homo sapiens	homo sapiens	synthetic construct	Yuan, M., Wilson, I.A.	2.76	X-RAY DIFFRACTION	0.256	0.222	False	True	IGHV3	IGKV1	Kappa	None	None	None	None	None
6ncp	A	B	0	NA	NA	NA	NA	IMMUNE SYSTEM	12/11/18	Crystal structure of HIV-1 broadly neutralizing antibody ACS202	HOMO SAPIENS; SYNTHETIC CONSTRUCT	homo sapiens	homo sapiens		Yuan, M., Wilson, I.A.	2.76	X-RAY DIFFRACTION	0.256	0.222	False	True	IGHV3	IGKV1	Kappa	None	None	None	None	None
6wit	H	L	0	I	protein	NA	16055 v1v2 1fd6 scaffold	ANTIVIRAL PROTEIN/IMMUNE SYSTEM	04/10/20	Crystal structure of NHP D15.SD7 Fab in complex with 16055 V1V2 1FD6 scaffold	MACACA MULATTA; HOMO SAPIENS	macaca mulatta	macaca mulatta	homo sapiens	Liban, T., Aljedani, S., Rodarte, J., Pancera, M.	2.79	X-RAY DIFFRACTION	0.284	0.224	False	True	IGHV1	IGLV6	Lambda	None	None	None	None	None
6wit	A	B	0	C	protein	NA	16055 v1v2 1fd6 scaffold	ANTIVIRAL PROTEIN/IMMUNE SYSTEM	04/10/20	Crystal structure of NHP D15.SD7 Fab in complex with 16055 V1V2 1FD6 scaffold	MACACA MULATTA; HOMO SAPIENS	macaca mulatta	macaca mulatta	homo sapiens	Liban, T., Aljedani, S., Rodarte, J., Pancera, M.	2.79	X-RAY DIFFRACTION	0.284	0.224	False	True	IGHV1	IGLV6	Lambda	None	None	None	None	None
4ye4	H	L	0	G	protein	NA	ht593.1 gp120	Viral protein/Immune system	02/23/15	Crystal Structure of Neutralizing Antibody HJ16 in Complex with HIV-1 gp120	HUMAN IMMUNODEFICIENCY VIRUS; HOMO SAPIENS	homo sapiens	homo sapiens	human immunodeficiency virus	Kwong, P.D., Chen, L., Zhou, T.	2.72	X-RAY DIFFRACTION	0.242	0.187	False	True	IGHV3	IGKV4	Kappa	None	None	None	None	None
9d7y	A	A	0	NA	NA	NA	NA	IMMUNE SYSTEM	11/06/24	Crystal structure of scFv corresponding to human autoantibody b96.11	Homo sapiens	homo sapiens			Buckle, A.M., McGowan, S.	2.6	X-RAY DIFFRACTION	0.301	0.227	True	True	unknown	unknown	unknown	None	None	None	None	None
9d7y	B	B	0	NA	NA	NA	NA	IMMUNE SYSTEM	11/06/24	Crystal structure of scFv corresponding to human autoantibody b96.11	Homo sapiens	homo sapiens			Buckle, A.M., McGowan, S.	2.6	X-RAY DIFFRACTION	0.301	0.227	True	True	unknown	unknown	unknown	None	None	None	None	None
9d7y	C	C	0	NA	NA	NA	NA	IMMUNE SYSTEM	11/06/24	Crystal structure of scFv corresponding to human autoantibody b96.11	Homo sapiens	homo sapiens			Buckle, A.M., McGowan, S.	2.6	X-RAY DIFFRACTION	0.301	0.227	True	True	unknown	unknown	unknown	None	None	None	None	None
8u31	C	B	0	A	protein	NA	programmed cell death protein 1	STRUCTURAL PROTEIN/IMMUNE SYSTEM	06/19/24	Crystal structure of PD-1 in complex with a Fab	Homo sapiens	homo sapiens	homo sapiens	homo sapiens	Sun, D., Masureel, M.	2.73	X-RAY DIFFRACTION	0.238	0.199	False	True	IGHV3	IGKV1	Kappa	None	None	None	None	None
8d47	H	L	0	C	peptide	NA	sars-cov-2 fusion peptide	ANTIVIRAL PROTEIN	12/21/22	fp.006 Fab in complex with SARS-CoV-2 Fusion Peptide	Homo sapiens; SYNTHETIC CONSTRUCT	homo sapiens	homo sapiens	severe acute respiratory syndrome coronavirus2 	Abernathy, M.E., Barnes, C.O.	2	X-RAY DIFFRACTION	0.238	0.184	False	True	IGHV3	IGKV3	Kappa	None	None	None	None	None
8d47	B	A	0	D	peptide	NA	sars-cov-2 fusion peptide	ANTIVIRAL PROTEIN	12/21/22	fp.006 Fab in complex with SARS-CoV-2 Fusion Peptide	Homo sapiens; SYNTHETIC CONSTRUCT	homo sapiens	homo sapiens	severe acute respiratory syndrome coronavirus2 	Abernathy, M.E., Barnes, C.O.	2	X-RAY DIFFRACTION	0.238	0.184	False	True	IGHV3	IGKV3	Kappa	None	None	None	None	None
2qhr	H	L	0	P	peptide	NA	envelope glycoprotein peptide	Immune system/viral protein	07/02/07	Crystal structure of the 13F6-1-2 Fab fragment bound to its Ebola virus glycoprotein peptide epitope.	MUS MUSCULUS; SYNTHETIC CONSTRUCT	mus musculus	mus musculus		Lee, J.E., Kuehne, A., Abelson, D.M., Fusco, M.L., Hart, M.K., Saphire, E.O.	2.0	X-RAY DIFFRACTION	0.245	0.203	False	False	IGHV5	IGLV3	Lambda	4.10E-08	-10.07	SPR	25	18005986
6bf4	B	C	0	A	protein	NA	hiv-1 clade ae gp120 core	viral protein/immune system	10/25/17	Crystal Structure of HIV-1 Clade AE Strain CNE55 gp120 Core in Complex with Neutralizing Antibody VRC-PG05 that Targets the Center of the Silent Face on the Outer Domain of gp120	HUMAN IMMUNODEFICIENCY VIRUS 1; HOMO SAPIENS	homo sapiens	homo sapiens	human immunodeficiency virus 1	Zhou, T., Kwong, P.D.	2.382	X-RAY DIFFRACTION	0.228	0.192	False	True	IGHV3	IGKV4	Kappa	None	None	None	None	None
6bf4	H	L	0	G	protein	NA	hiv-1 clade ae gp120 core	viral protein/immune system	10/25/17	Crystal Structure of HIV-1 Clade AE Strain CNE55 gp120 Core in Complex with Neutralizing Antibody VRC-PG05 that Targets the Center of the Silent Face on the Outer Domain of gp120	HUMAN IMMUNODEFICIENCY VIRUS 1; HOMO SAPIENS	homo sapiens	homo sapiens	human immunodeficiency virus 1	Zhou, T., Kwong, P.D.	2.382	X-RAY DIFFRACTION	0.228	0.192	False	True	IGHV3	IGKV4	Kappa	None	None	None	None	None
2orb	I	M	0	NA	NA	NA	NA	IMMUNE SYSTEM	02/02/07	The structure of the anti-c-myc antibody 9E10 Fab fragment	MUS MUSCULUS	mus musculus	mus musculus		Krauss, N., Scheerer, P., Hoehne, W.	2.2	X-RAY DIFFRACTION	0.317	0.261	False	False	IGHV5	IGKV3	Kappa	None	None	None	None	None
2orb	H	L	0	NA	NA	NA	NA	IMMUNE SYSTEM	02/02/07	The structure of the anti-c-myc antibody 9E10 Fab fragment	MUS MUSCULUS	mus musculus	mus musculus		Krauss, N., Scheerer, P., Hoehne, W.	2.2	X-RAY DIFFRACTION	0.317	0.261	False	False	IGHV5	IGKV3	Kappa	None	None	None	None	None
3lzf	H	L	0	A	protein	NA	hemagglutinin, ha1 subunit	VIRAL PROTEIN/IMMUNE SYSTEM	03/01/10	Crystal Structure of Fab 2D1 in Complex with the 1918 Influenza Virus Hemagglutinin	INFLUENZA A VIRUS; HOMO SAPIENS	homo sapiens	homo sapiens	influenza a virus	Ekiert, D.C., Wilson, I.A.	2.8	X-RAY DIFFRACTION	0.259	0.230	False	True	IGHV2	IGLV1	Lambda	None	None	None	None	None
6mqc	A	B	0	D	peptide	NA	hiv fusion peptide residue 512-519	IMMUNE SYSTEM	10/09/18	Vaccine-elicited NHP FP-targeting neutralizing antibody 0PV-c.01 in complex with FP (residue 512-519)	PLATYRRHINI; SYNTHETIC CONSTRUCT	platyrrhini	platyrrhini	human immunodeficiency virus 1	Xu, K., Wang, Y., Kwong, P.D.	1.99	X-RAY DIFFRACTION	0.234	0.199	False	True	IGHV4	IGKV2	Kappa	None	None	None	None	None
6mqc	H	L	0	C	peptide	NA	hiv fusion peptide residue 512-519	IMMUNE SYSTEM	10/09/18	Vaccine-elicited NHP FP-targeting neutralizing antibody 0PV-c.01 in complex with FP (residue 512-519)	PLATYRRHINI; SYNTHETIC CONSTRUCT	platyrrhini	platyrrhini	human immunodeficiency virus 1	Xu, K., Wang, Y., Kwong, P.D.	1.99	X-RAY DIFFRACTION	0.234	0.199	False	True	IGHV4	IGKV2	Kappa	None	None	None	None	None
6uum	H	F	0	NA	NA	NA	NA	IMMUNE SYSTEM	10/30/19	Crystal structure of antibody 438-B11 DSS mutant (Cys98A-Cys100aA)	HOMO SAPIENS	homo sapiens	homo sapiens		Kumar, S., Wilson, I.A.	2.1	X-RAY DIFFRACTION	0.269	0.229	False	True	unknown	IGKV3	Kappa	None	None	None	None	None
6uum	B	A	0	A	carbohydrate	NAG	N-ACETYL-D-GLUCOSAMINE	IMMUNE SYSTEM	10/30/19	Crystal structure of antibody 438-B11 DSS mutant (Cys98A-Cys100aA)	HOMO SAPIENS	homo sapiens	homo sapiens	homo sapiens	Kumar, S., Wilson, I.A.	2.1	X-RAY DIFFRACTION	0.269	0.229	False	True	unknown	IGKV3	Kappa	None	None	None	None	None
6fy3	H	L	0	P	peptide	NA	cap45 v2 peptide	IMMUNE SYSTEM	03/10/18	Crystal structure of a V2-directed, RV144 vaccine-like antibody from HIV-1 infection, CAP228-3D, bound to a heterologous V2 peptide	HOMO SAPIENS; HUMAN IMMUNODEFICIENCY VIRUS 1	homo sapiens	homo sapiens	human immunodeficiency virus 1	Wibmer, C.K., Moore, P.L., Morris, L.	2.6	X-RAY DIFFRACTION	0.250	0.220	False	True	IGHV5	IGLV6	Lambda	None	None	None	None	None
6fy3	X	Y	0	Z	peptide	NA	cap45 v2 peptide	IMMUNE SYSTEM	03/10/18	Crystal structure of a V2-directed, RV144 vaccine-like antibody from HIV-1 infection, CAP228-3D, bound to a heterologous V2 peptide	HOMO SAPIENS; HUMAN IMMUNODEFICIENCY VIRUS 1	homo sapiens	homo sapiens	human immunodeficiency virus 1	Wibmer, C.K., Moore, P.L., Morris, L.	2.6	X-RAY DIFFRACTION	0.250	0.220	False	True	IGHV5	IGLV6	Lambda	None	None	None	None	None
3q6f	H	G	0	NA	NA	NA	NA	IMMUNE SYSTEM	12/31/10	Crystal structure of Fab of human mAb 2909 specific for quaternary neutralizing epitope of HIV-1 gp120	HOMO SAPIENS	homo sapiens	homo sapiens		Spurrier, B., Sampson, J., Totrov, M., Li, H., O'Neal, T., William, C., Robinson, J., Gorny, M.K., Zolla-Pazner, S., Kong, X.P.	3.192	X-RAY DIFFRACTION	0.243	0.199	False	False	IGHV3	IGLV3	Lambda	None	None	None	None	None
3q6f	F	E	0	NA	NA	NA	NA	IMMUNE SYSTEM	12/31/10	Crystal structure of Fab of human mAb 2909 specific for quaternary neutralizing epitope of HIV-1 gp120	HOMO SAPIENS	homo sapiens	homo sapiens		Spurrier, B., Sampson, J., Totrov, M., Li, H., O'Neal, T., William, C., Robinson, J., Gorny, M.K., Zolla-Pazner, S., Kong, X.P.	3.192	X-RAY DIFFRACTION	0.243	0.199	False	False	IGHV3	IGLV3	Lambda	None	None	None	None	None
3q6f	D	C	0	NA	NA	NA	NA	IMMUNE SYSTEM	12/31/10	Crystal structure of Fab of human mAb 2909 specific for quaternary neutralizing epitope of HIV-1 gp120	HOMO SAPIENS	homo sapiens	homo sapiens		Spurrier, B., Sampson, J., Totrov, M., Li, H., O'Neal, T., William, C., Robinson, J., Gorny, M.K., Zolla-Pazner, S., Kong, X.P.	3.192	X-RAY DIFFRACTION	0.243	0.199	False	False	IGHV3	IGLV3	Lambda	None	None	None	None	None
3q6f	B	A	0	NA	NA	NA	NA	IMMUNE SYSTEM	12/31/10	Crystal structure of Fab of human mAb 2909 specific for quaternary neutralizing epitope of HIV-1 gp120	HOMO SAPIENS	homo sapiens	homo sapiens		Spurrier, B., Sampson, J., Totrov, M., Li, H., O'Neal, T., William, C., Robinson, J., Gorny, M.K., Zolla-Pazner, S., Kong, X.P.	3.192	X-RAY DIFFRACTION	0.243	0.199	False	False	IGHV3	IGLV3	Lambda	None	None	None	None	None
3q6f	J	I	0	NA	NA	NA	NA	IMMUNE SYSTEM	12/31/10	Crystal structure of Fab of human mAb 2909 specific for quaternary neutralizing epitope of HIV-1 gp120	HOMO SAPIENS	homo sapiens	homo sapiens		Spurrier, B., Sampson, J., Totrov, M., Li, H., O'Neal, T., William, C., Robinson, J., Gorny, M.K., Zolla-Pazner, S., Kong, X.P.	3.192	X-RAY DIFFRACTION	0.243	0.199	False	False	IGHV3	IGLV3	Lambda	None	None	None	None	None
3q6f	L	K	0	NA	NA	NA	NA	IMMUNE SYSTEM	12/31/10	Crystal structure of Fab of human mAb 2909 specific for quaternary neutralizing epitope of HIV-1 gp120	HOMO SAPIENS	homo sapiens	homo sapiens		Spurrier, B., Sampson, J., Totrov, M., Li, H., O'Neal, T., William, C., Robinson, J., Gorny, M.K., Zolla-Pazner, S., Kong, X.P.	3.192	X-RAY DIFFRACTION	0.243	0.199	False	False	IGHV3	IGLV3	Lambda	None	None	None	None	None
6q23	H	L	0	A	protein	NA	neuraminidase	VIRAL PROTEIN,HYDROLASE/IMMUNE SYSTEM	08/06/19	Crystal structure of human 1G01 Fab in complex with influenza virus neuraminidase from A/California/04/2009 (H1N1)	INFLUENZA A VIRUS (A/CALIFORNIA/04/2009 (H1N1); HOMO SAPIENS	homo sapiens	homo sapiens	influenza a virus (a/california/04/2009 (h1n1)	Zhu, X., Wilson, I.A.	3.27	X-RAY DIFFRACTION	0.241	0.196	False	True	IGHV3	IGKV1	Kappa	None	None	None	None	None
6q23	E	F	0	C	protein	NA	neuraminidase	VIRAL PROTEIN,HYDROLASE/IMMUNE SYSTEM	08/06/19	Crystal structure of human 1G01 Fab in complex with influenza virus neuraminidase from A/California/04/2009 (H1N1)	INFLUENZA A VIRUS (A/CALIFORNIA/04/2009 (H1N1); HOMO SAPIENS	homo sapiens	homo sapiens	influenza a virus (a/california/04/2009 (h1n1)	Zhu, X., Wilson, I.A.	3.27	X-RAY DIFFRACTION	0.241	0.196	False	True	IGHV3	IGKV1	Kappa	None	None	None	None	None
6q23	J	K	0	B	protein	NA	neuraminidase	VIRAL PROTEIN,HYDROLASE/IMMUNE SYSTEM	08/06/19	Crystal structure of human 1G01 Fab in complex with influenza virus neuraminidase from A/California/04/2009 (H1N1)	INFLUENZA A VIRUS (A/CALIFORNIA/04/2009 (H1N1); HOMO SAPIENS	homo sapiens	homo sapiens	influenza a virus (a/california/04/2009 (h1n1)	Zhu, X., Wilson, I.A.	3.27	X-RAY DIFFRACTION	0.241	0.196	False	True	IGHV3	IGKV1	Kappa	None	None	None	None	None
6q23	G	I	0	D	protein	NA	neuraminidase	VIRAL PROTEIN,HYDROLASE/IMMUNE SYSTEM	08/06/19	Crystal structure of human 1G01 Fab in complex with influenza virus neuraminidase from A/California/04/2009 (H1N1)	INFLUENZA A VIRUS (A/CALIFORNIA/04/2009 (H1N1); HOMO SAPIENS	homo sapiens	homo sapiens	influenza a virus (a/california/04/2009 (h1n1)	Zhu, X., Wilson, I.A.	3.27	X-RAY DIFFRACTION	0.241	0.196	False	True	IGHV3	IGKV1	Kappa	None	None	None	None	None
7rfb	A	B	0	C	protein	NA	envelope glycoprotein e2	VIRAL PROTEIN/IMMUNE SYSTEM	07/14/21	Crystal structure of broadly neutralizing antibody mAb1198 in complex with Hepatitis C virus envelope glycoprotein E2 ectodomain	HOMO SAPIENS; HEPACIVIRUS C	homo sapiens	homo sapiens	hepacivirus c	Flyak, A.I., Bjorkman, P.J.	2.7	X-RAY DIFFRACTION	0.262	0.215	False	True	IGHV1	IGKV2	Kappa	None	None	None	None	None
7rfb	H	L	0	D	protein	NA	envelope glycoprotein e2	VIRAL PROTEIN/IMMUNE SYSTEM	07/14/21	Crystal structure of broadly neutralizing antibody mAb1198 in complex with Hepatitis C virus envelope glycoprotein E2 ectodomain	HOMO SAPIENS; HEPACIVIRUS C	homo sapiens	homo sapiens	hepacivirus c	Flyak, A.I., Bjorkman, P.J.	2.7	X-RAY DIFFRACTION	0.262	0.215	False	True	IGHV1	IGKV2	Kappa	None	None	None	None	None
5awn	H	L	0	NA	NA	NA	NA	IMMUNE SYSTEM	07/06/15	Crystal structure of Human anti-HIV-1 broadly neutralizing antibody 3BC176 Fab	HOMO SAPIENS	homo sapiens	homo sapiens		Lee, J.H., Wilson, I.A., Ward, A.B.	1.887	X-RAY DIFFRACTION	0.223	0.177	False	True	IGHV1	IGLV2	Lambda	None	None	None	None	None
7rks	H	L	0	R	protein	NA	spike protein s1	VIRAL PROTEIN/IMMUNE SYSTEM	07/22/21	Structure of the SARS-CoV-2 receptor binding domain in complex with the human neutralizing antibody Fab fragment, C118	HOMO SAPIENS; SEVERE ACUTE RESPIRATORY SYNDROME CORONAVIRUS	homo sapiens	homo sapiens	severe acute respiratory syndrome coronavirus	Jette, C.A., Bjorkman, P.J., Barnes, C.O.	2.7	X-RAY DIFFRACTION	0.247	0.195	False	True	IGHV3	IGLV4	Lambda	None	None	None	None	None
7rks	I	M	0	S	protein	NA	spike protein s1	VIRAL PROTEIN/IMMUNE SYSTEM	07/22/21	Structure of the SARS-CoV-2 receptor binding domain in complex with the human neutralizing antibody Fab fragment, C118	HOMO SAPIENS; SEVERE ACUTE RESPIRATORY SYNDROME CORONAVIRUS	homo sapiens	homo sapiens	severe acute respiratory syndrome coronavirus	Jette, C.A., Bjorkman, P.J., Barnes, C.O.	2.7	X-RAY DIFFRACTION	0.247	0.195	False	True	IGHV3	IGLV4	Lambda	None	None	None	None	None
6ch7	D	E	0	B	protein	NA	envelope glycoprotein gp41	IMMUNE SYSTEM	02/22/18	XFEL crystal structure of a natively-glycosylated BG505 SOSIP.664 HIV-1 Envelope Trimer in complex with the broadly-neutralizing antibodies BG18 and 35O22	HUMAN IMMUNODEFICIENCY VIRUS 1; HOMO SAPIENS	homo sapiens	homo sapiens	human immunodeficiency virus 1	Barnes, C.O., Bjorkman, P.J.	3.8	X-RAY DIFFRACTION	0.262	0.232	False	True	unknown	unknown	unknown	None	None	None	None	None
6ch7	Q	R	0	G	protein	NA	envelope glycoprotein gp120	IMMUNE SYSTEM	02/22/18	XFEL crystal structure of a natively-glycosylated BG505 SOSIP.664 HIV-1 Envelope Trimer in complex with the broadly-neutralizing antibodies BG18 and 35O22	HUMAN IMMUNODEFICIENCY VIRUS 1; HOMO SAPIENS	homo sapiens	homo sapiens	human immunodeficiency virus 1	Barnes, C.O., Bjorkman, P.J.	3.8	X-RAY DIFFRACTION	0.262	0.232	False	True	unknown	IGLV3	Lambda	None	None	None	None	None
7n04	H	L	0	NA	NA	NA	NA	IMMUNE SYSTEM	05/25/21	Crystal structure of the apo F240 antibody fragment	HOMO SAPIENS	homo sapiens	homo sapiens		Cook, J.D., Lee, J.E.	1.70001	X-RAY DIFFRACTION	0.222	0.179	False	True	unknown	IGKV4	Kappa	None	None	None	None	None
6pdx	M	N	0	B	protein	NA	hemagglutinin	IMMUNE SYSTEM	06/19/19	Crystal structure of C585 Fab in complex with influenza virus hemagglutinin from A/Switzerland/9715293/2013 (H3N2)	INFLUENZA A VIRUS; HOMO SAPIENS	homo sapiens	homo sapiens	influenza a virus	Qiu, Y., Zhou, Y.	3.993	X-RAY DIFFRACTION	0.242	0.212	False	True	IGHV4	IGLV1	Lambda	None	None	None	None	None
6pdx	O	P	0	C	protein	NA	hemagglutinin	IMMUNE SYSTEM	06/19/19	Crystal structure of C585 Fab in complex with influenza virus hemagglutinin from A/Switzerland/9715293/2013 (H3N2)	INFLUENZA A VIRUS; HOMO SAPIENS	homo sapiens	homo sapiens	influenza a virus	Qiu, Y., Zhou, Y.	3.993	X-RAY DIFFRACTION	0.242	0.212	False	True	IGHV4	IGLV1	Lambda	None	None	None	None	None
6pdx	H	L	0	A	protein	NA	hemagglutinin	IMMUNE SYSTEM	06/19/19	Crystal structure of C585 Fab in complex with influenza virus hemagglutinin from A/Switzerland/9715293/2013 (H3N2)	INFLUENZA A VIRUS; HOMO SAPIENS	homo sapiens	homo sapiens	influenza a virus	Qiu, Y., Zhou, Y.	3.993	X-RAY DIFFRACTION	0.242	0.212	False	True	IGHV4	IGLV1	Lambda	None	None	None	None	None
5uem	H	L	0	G	protein	NA	clade a/e 93th057 hiv-1 gp120 core	IMMUNE SYSTEM	01/02/17	Crystal structure of 354NC37 Fab in complex with HIV-1 clade AE strain 93TH057 gp120	HUMAN IMMUNODEFICIENCY VIRUS 1; HOMO SAPIENS	homo sapiens	homo sapiens	human immunodeficiency virus 1	Sievers, S.A., Gristick, H.B., Bjorkman, P.J.	2.7	X-RAY DIFFRACTION	0.266	0.220	False	True	unknown	IGKV3	Kappa	None	None	None	None	None
8r4n	H	L	0	N	protein	NA	short neurotoxin 1	ANTITOXIN	05/28/25	Crystal structure of neutralizing Fab Eq4.Dp46-3A from equine antivenom bound to short chain three finger alpha-neurotoxin from Dendroaspis polylepis.	Dendroaspis polylepis; Equus caballus	equus caballus	equus caballus	dendroaspis polylepis	Wibmer, C.K.	2.2	X-RAY DIFFRACTION	0.228	0.206	False	True	unknown	unknown	unknown	None	None	None	None	None
8uki	H	L	0	NA	NA	NA	NA	IMMUNE SYSTEM	04/16/25	Crystal structure of 04_A06 Fab	Homo sapiens	homo sapiens	homo sapiens		DeLaitsch, A.T., Gristick, H.B., Bjorkman, P.J.	1.75	X-RAY DIFFRACTION	0.205	0.170	False	True	unknown	unknown	unknown	None	None	None	None	None
8d3a	H	L	0	G	carbohydrate	MAN	ALPHA-D-MANNOSE	IMMUNE SYSTEM/ANTIGEN	10/12/22	Crystal Structure of DH475 Fab in complex with Man9	Homo sapiens	homo sapiens	homo sapiens		Finkelstein, M., Fera, D.	2.9	X-RAY DIFFRACTION	0.272	0.229	False	True	IGHV3	IGLV4	Lambda	None	None	None	None	None
4imk	B	C	0	NA	NA	NA	NA	IMMUNE SYSTEM	01/03/13	Uncrossed Fab binding to human Angiopoietin 2	HOMO SAPIENS	homo sapiens	homo sapiens		Fenn, S., Schiller, C., Griese, J.J., Hopfner, K.-P., Kettenberger, H.	2.202	X-RAY DIFFRACTION	0.226	0.199	False	True	IGHV1	IGLV3	Lambda	None	None	None	None	None
4imk	A	D	0	NA	NA	NA	NA	IMMUNE SYSTEM	01/03/13	Uncrossed Fab binding to human Angiopoietin 2	HOMO SAPIENS	homo sapiens	homo sapiens		Fenn, S., Schiller, C., Griese, J.J., Hopfner, K.-P., Kettenberger, H.	2.202	X-RAY DIFFRACTION	0.226	0.199	False	True	IGHV1	IGLV3	Lambda	None	None	None	None	None
1u8p	B	A	0	C	peptide	NA	gp41 peptide	IMMUNE SYSTEM	08/06/04	Crystal structure of the HIV-1 Cross Neutralizing Monoclonal Antibody 2F5 in complex with gp41 Peptide ECDKWCS	HOMO SAPIENS; SYNTHETIC CONSTRUCT	homo sapiens	homo sapiens	human immunodeficiency virus 1	Bryson, S., Julien, J.-P., Hynes, R.C., Pai, E.F.	3.23	X-RAY DIFFRACTION	0.222	0.212	False	False	IGHV2	IGKV1	Kappa	None	None	None	None	None
3hzm	B	A	0	B	carbohydrate	KDO	3-DEOXY-D-MANNO-OCT-2-ULOSONIC ACID	IMMUNE SYSTEM	06/23/09	Crystal structure of S73-2 antibody in complex with antigen Kdo	MUS MUSCULUS	mus musculus	mus musculus	mus musculus	Brooks, C.L., Muller-Loennies, S., Borisova, S.N., Brade, L., Kosma, P., Hirama, T., MacKenzie, C.R., Brade, H., Evans, S.V.	1.8	X-RAY DIFFRACTION	0.249	0.207	False	False	IGHV7	IGKV8	Kappa	None	None	None	None	None
6mts	H	L	0	NA	NA	NA	NA	IMMUNE SYSTEM	10/21/18	Crystal structure of VRC43.03 Fab	HOMO SAPIENS	homo sapiens	homo sapiens		Kwon, Y.D., Druz, A., Law, W.H., Peng, D., Doria-Rose, N.A., Kwong, P.D.	2.437	X-RAY DIFFRACTION	0.268	0.242	False	True	IGHV4	IGLV7	Lambda	None	None	None	None	None
6xq0	B	C	0	A	protein	NA	hemagglutinin	VIRAL PROTEIN/IMMUNE SYSTEM	07/09/20	Human antibody S8V2-18 in complex with the influenza hemagglutinin head domain of A/California/7/2009(NYMC-X181)(H1N1)	INFLUENZA A VIRUS (A/REASSORTANT/NYMC X-181A(A/NYMC X-157 X CALIFORNIA/07/2009)(H1N1)); HOMO SAPIENS	homo sapiens	homo sapiens	influenza a virus (a/reassortant/nymc x-181a(a/nymc x-157 x california/07/2009)(h1n1)) 	McCarthy, K.R., Harrison, S.C.	2.3	X-RAY DIFFRACTION	0.268	0.222	False	True	IGHV3	IGKV3	Kappa	None	None	None	None	None
6xq0	E	F	0	D	protein	NA	hemagglutinin	VIRAL PROTEIN/IMMUNE SYSTEM	07/09/20	Human antibody S8V2-18 in complex with the influenza hemagglutinin head domain of A/California/7/2009(NYMC-X181)(H1N1)	INFLUENZA A VIRUS (A/REASSORTANT/NYMC X-181A(A/NYMC X-157 X CALIFORNIA/07/2009)(H1N1)); HOMO SAPIENS	homo sapiens	homo sapiens	influenza a virus (a/reassortant/nymc x-181a(a/nymc x-157 x california/07/2009)(h1n1)) 	McCarthy, K.R., Harrison, S.C.	2.3	X-RAY DIFFRACTION	0.268	0.222	False	True	IGHV3	IGKV3	Kappa	None	None	None	None	None
1f58	H	L	0	P	peptide	NA	protein (exterior membrane glycoprotein(gp120))	Viral protein/Immune system	10/21/98	IGG1 FAB FRAGMENT (58.2) COMPLEX WITH 24-RESIDUE PEPTIDE (RESIDUES 308-333 OF HIV-1 GP120 (MN ISOLATE) WITH ALA TO AIB SUBSTITUTION AT POSITION 323	MUS MUSCULUS; SYNTHETIC CONSTRUCT	mus musculus	mus musculus		Stanfield, R.L., Cabezas, E., Satterthwait, A.C., Stura, E.A., Profy, A.T., Wilson, I.A.	2.0	X-RAY DIFFRACTION	0.256	0.196	False	False	IGHV3	IGKV3	Kappa	None	None	None	None	None
6xm2	F	E	0	I	protein	NA	transforming growth factor beta-2	CYTOKINE/IMMUNE SYSTEM	06/29/20	The structure of the 4A11.v7 antibody in complex with human TGFb2	HOMO SAPIENS	homo sapiens	homo sapiens	homo sapiens	Lupardus, P.J., Yin, J.P.	1.91	X-RAY DIFFRACTION	0.244	0.205	False	True	IGHV4	IGKV3	Kappa	None	None	None	None	None
6xm2	D	C	0	J	protein	NA	transforming growth factor beta-2	CYTOKINE/IMMUNE SYSTEM	06/29/20	The structure of the 4A11.v7 antibody in complex with human TGFb2	HOMO SAPIENS	homo sapiens	homo sapiens	homo sapiens	Lupardus, P.J., Yin, J.P.	1.91	X-RAY DIFFRACTION	0.244	0.205	False	True	IGHV4	IGKV3	Kappa	None	None	None	None	None
6xm2	H	G	0	K	protein	NA	transforming growth factor beta-2	CYTOKINE/IMMUNE SYSTEM	06/29/20	The structure of the 4A11.v7 antibody in complex with human TGFb2	HOMO SAPIENS	homo sapiens	homo sapiens	homo sapiens	Lupardus, P.J., Yin, J.P.	1.91	X-RAY DIFFRACTION	0.244	0.205	False	True	IGHV4	IGKV3	Kappa	None	None	None	None	None
6xm2	B	A	0	L	protein	NA	transforming growth factor beta-2	CYTOKINE/IMMUNE SYSTEM	06/29/20	The structure of the 4A11.v7 antibody in complex with human TGFb2	HOMO SAPIENS	homo sapiens	homo sapiens	homo sapiens	Lupardus, P.J., Yin, J.P.	1.91	X-RAY DIFFRACTION	0.244	0.205	False	True	IGHV4	IGKV3	Kappa	None	None	None	None	None
3bae	H	L	0	A	peptide	NA	amyloid beta peptide	IMMUNE SYSTEM	11/07/07	Crystal structure of Fab WO2 bound to the N terminal domain of Amyloid beta peptide (1-28)	MUS MUSCULUS; SYNTHETIC CONSTRUCT	mus musculus	mus musculus		Miles, L.A., Wun, K.S., Crespi, G.A., Parker, M.W.	1.593	X-RAY DIFFRACTION	0.250	0.207	False	False	IGHV8	IGKV1	Kappa	None	None	None	None	None
4j4p	H	L	0	A	protein	NA	ig epsilon chain c region	IMMUNE SYSTEM	02/07/13	The complex of human IgE-Fc with two bound Fab fragments	HOMO SAPIENS	homo sapiens	homo sapiens	homo sapiens	Drinkwater, N., Sutton, B.J.	2.91	X-RAY DIFFRACTION	0.284	0.236	False	True	IGHV6	IGLV1	Lambda	None	None	None	None	None
4j4p	C	D	0	B	protein	NA	ig epsilon chain c region	IMMUNE SYSTEM	02/07/13	The complex of human IgE-Fc with two bound Fab fragments	HOMO SAPIENS	homo sapiens	homo sapiens	homo sapiens	Drinkwater, N., Sutton, B.J.	2.91	X-RAY DIFFRACTION	0.284	0.236	False	True	IGHV6	IGLV1	Lambda	None	None	None	None	None
6wmw	H	L	0	B	protein	NA	gdnf family receptor alpha-like	IMMUNE SYSTEM	04/21/20	GFRAL receptor bound with two antibody Fabs (3P10, 25M22)	HOMO SAPIENS	homo sapiens	homo sapiens	homo sapiens	White, A., Lakshminarasimhan, D., Olland, A., Suto, R.K.	2.91	X-RAY DIFFRACTION	0.290	0.222	False	True	IGHV9	IGKV3	Kappa	None	None	None	None	None
6wmw	M	N	0	B	protein	NA	gdnf family receptor alpha-like	IMMUNE SYSTEM	04/21/20	GFRAL receptor bound with two antibody Fabs (3P10, 25M22)	HOMO SAPIENS	homo sapiens	homo sapiens	homo sapiens	White, A., Lakshminarasimhan, D., Olland, A., Suto, R.K.	2.91	X-RAY DIFFRACTION	0.290	0.222	False	True	IGHV1	IGKV1	Kappa	None	None	None	None	None
4nrz	H	L	0	NA	NA	NA	NA	IMMUNE SYSTEM	11/27/13	Crystal Structure of HIV-1 Neutralizing Antibody m66.6	HOMO SAPIENS	homo sapiens	homo sapiens		Ofek, G., Yang, Y., Kwong, P.D.	2.42	X-RAY DIFFRACTION	0.216	0.177	False	True	IGHV5	IGKV1	Kappa	None	None	None	None	None
4nrz	A	B	0	NA	NA	NA	NA	IMMUNE SYSTEM	11/27/13	Crystal Structure of HIV-1 Neutralizing Antibody m66.6	HOMO SAPIENS	homo sapiens	homo sapiens		Ofek, G., Yang, Y., Kwong, P.D.	2.42	X-RAY DIFFRACTION	0.216	0.177	False	True	IGHV5	IGKV1	Kappa	None	None	None	None	None
4oaw	D	C	0	NA	NA	NA	NA	IMMUNE SYSTEM	01/06/14	Fab structure of anti-HIV gp120 V2 mAb 2158	HOMO SAPIENS	homo sapiens	homo sapiens		Spurrier, B.R., Kong, X.P.	2.8	X-RAY DIFFRACTION	0.254	0.182	False	True	IGHV1	IGKV1	Kappa	None	None	None	None	None
4oaw	B	A	0	NA	NA	NA	NA	IMMUNE SYSTEM	01/06/14	Fab structure of anti-HIV gp120 V2 mAb 2158	HOMO SAPIENS	homo sapiens	homo sapiens		Spurrier, B.R., Kong, X.P.	2.8	X-RAY DIFFRACTION	0.254	0.182	False	True	IGHV1	IGKV1	Kappa	None	None	None	None	None
9bjg	H	L	0	A	protein	NA	apical membrane antigen 1	STRUCTURAL PROTEIN	03/12/25	Crystal structure of broadly neutralizing human monoclonal antibody 75B10 in complex with AMA1	Homo sapiens; Plasmodium falciparum 3D7	homo sapiens	homo sapiens	plasmodium falciparum 3d7	Patel, P.N., Tang, W.K., Tolia, N.H.	2.9	X-RAY DIFFRACTION	0.232	0.199	False	True	IGHV3	IGKV1	Kappa	None	None	None	None	None
8g8d	H	L	0	P	peptide	NA	gp41 mper peptide	IMMUNE SYSTEM	05/22/24	Crystal structure of DH1346 Fab in complex with HIV proximal MPER peptide	Homo sapiens; SYNTHETIC CONSTRUCT	homo sapiens	homo sapiens	human immunodeficiency virus 1	Niyongabo, A., Janus, B.M., Ofek, G.	2.02	X-RAY DIFFRACTION	0.234	0.198	False	True	IGHV7	IGLV3	Lambda	None	None	None	None	None
8g8d	A	B	0	C	peptide	NA	gp41 mper peptide	IMMUNE SYSTEM	05/22/24	Crystal structure of DH1346 Fab in complex with HIV proximal MPER peptide	Homo sapiens; SYNTHETIC CONSTRUCT	homo sapiens	homo sapiens	human immunodeficiency virus 1	Niyongabo, A., Janus, B.M., Ofek, G.	2.02	X-RAY DIFFRACTION	0.234	0.198	False	True	IGHV7	IGLV3	Lambda	None	None	None	None	None
8d01	H	L	0	NA	NA	NA	NA	VIRAL PROTEIN/IMMUNE SYSTEM	12/13/23	The domain-swaped dimer of the HIV-1 CD4bs targeting antibody 21N13	Macaca mulatta	macaca mulatta	macaca mulatta		Xian, Y., Wilson, A.	2.46	X-RAY DIFFRACTION	0.229	0.189	False	True	IGHV4	IGKV1	Kappa	None	None	None	None	None
8d01	A	B	0	NA	NA	NA	NA	VIRAL PROTEIN/IMMUNE SYSTEM	12/13/23	The domain-swaped dimer of the HIV-1 CD4bs targeting antibody 21N13	Macaca mulatta	macaca mulatta	macaca mulatta		Xian, Y., Wilson, A.	2.46	X-RAY DIFFRACTION	0.229	0.189	False	True	IGHV4	IGKV1	Kappa	None	None	None	None	None
8gpk	A	B	0	NA	NA	NA	NA	IMMUNE SYSTEM	01/08/09	Crystal structure of human anti-HIV-1 broadly neutralizing antibody F6 Fab	Homo sapiens	homo sapiens	homo sapiens		Niu, J., Yang, B.	3.34	X-RAY DIFFRACTION	0.281	0.242	False	True	IGHV4	IGKV2	Kappa	None	None	None	None	None
8gpk	C	D	0	NA	NA	NA	NA	IMMUNE SYSTEM	01/08/09	Crystal structure of human anti-HIV-1 broadly neutralizing antibody F6 Fab	Homo sapiens	homo sapiens	homo sapiens		Niu, J., Yang, B.	3.34	X-RAY DIFFRACTION	0.281	0.242	False	True	IGHV4	IGKV2	Kappa	None	None	None	None	None
7ox1	A	B	0	G	protein	NA	interleukin-9	CYTOKINE	12/28/22	Fab 7D6: hIL-9 complex	Homo sapiens	homo sapiens	homo sapiens	homo sapiens	De Vos, T., Savvides, S.N.	2.49	X-RAY DIFFRACTION	0.262	0.209	False	True	IGHV4	IGLV8	Lambda	None	None	None	None	None
7ox1	C	D	0	Z	protein	NA	interleukin-9	CYTOKINE	12/28/22	Fab 7D6: hIL-9 complex	Homo sapiens	homo sapiens	homo sapiens	homo sapiens	De Vos, T., Savvides, S.N.	2.49	X-RAY DIFFRACTION	0.262	0.209	False	True	IGHV4	IGLV8	Lambda	None	None	None	None	None
7ox1	E	F	0	Y	protein	NA	interleukin-9	CYTOKINE	12/28/22	Fab 7D6: hIL-9 complex	Homo sapiens	homo sapiens	homo sapiens	homo sapiens	De Vos, T., Savvides, S.N.	2.49	X-RAY DIFFRACTION	0.262	0.209	False	True	IGHV4	IGLV8	Lambda	None	None	None	None	None
7ox1	H	L	0	X	protein	NA	interleukin-9	CYTOKINE	12/28/22	Fab 7D6: hIL-9 complex	Homo sapiens	homo sapiens	homo sapiens	homo sapiens	De Vos, T., Savvides, S.N.	2.49	X-RAY DIFFRACTION	0.262	0.209	False	True	IGHV4	IGLV8	Lambda	None	None	None	None	None
7s07	X	Y	0	A | B	protein | protein	NA | NA	envelope glycoprotein h | envelope glycoprotein l	IMMUNE SYSTEM/VIRAL PROTEIN	11/09/22	Crystal structure of Epstein-Barr virus glycoprotein gH/gL/gp42-peptide in complex with human neutralizing antibodies 769B10 and 769C2	Homo sapiens; Human gammaherpesvirus 4	homo sapiens	homo sapiens	human gammaherpesvirus 4 | human gammaherpesvirus 4	Chen, W.-H., Kanekiyo, M., Cohen, J.I., Joyce, M.G.	3.29	X-RAY DIFFRACTION	0.291	0.243	False	True	IGHV3	IGLV2	Lambda	None	None	None	None	None
7s07	H	L	0	A	protein	NA	envelope glycoprotein h	IMMUNE SYSTEM/VIRAL PROTEIN	11/09/22	Crystal structure of Epstein-Barr virus glycoprotein gH/gL/gp42-peptide in complex with human neutralizing antibodies 769B10 and 769C2	Homo sapiens; Human gammaherpesvirus 4	homo sapiens	homo sapiens	human gammaherpesvirus 4	Chen, W.-H., Kanekiyo, M., Cohen, J.I., Joyce, M.G.	3.29	X-RAY DIFFRACTION	0.291	0.243	False	True	IGHV3	IGKV1	Kappa	None	None	None	None	None
7myt	A	B	0	NA	NA	NA	NA	IMMUNE SYSTEM	11/09/22	Crystal Structure of HPV L1-directed B25.M05 Fab	Homo sapiens	homo sapiens	homo sapiens		Singh, S., Pancera, M.	2.1	X-RAY DIFFRACTION	0.223	0.173	False	True	IGHV4	IGLV2	Lambda	None	None	None	None	None
7myt	H	L	0	NA	NA	NA	NA	IMMUNE SYSTEM	11/09/22	Crystal Structure of HPV L1-directed B25.M05 Fab	Homo sapiens	homo sapiens	homo sapiens		Singh, S., Pancera, M.	2.1	X-RAY DIFFRACTION	0.223	0.173	False	True	IGHV4	IGLV2	Lambda	None	None	None	None	None
6wj1	J	K	0	D | C	protein | protein	NA | NA	hemagglutinin ha2 chain | hemagglutinin ha1 chain	IMMUNE SYSTEM	04/11/20	Crystal structure of Fab 54-4H03 bound to H1 influenza hemagglutinin	INFLUENZA A VIRUS; HOMO SAPIENS	homo sapiens	homo sapiens	influenza a virus | influenza a virus	Wu, N.C., Wilson, I.A.	3.503	X-RAY DIFFRACTION	0.232	0.179	False	True	IGHV6	IGKV3	Kappa	None	None	None	None	None
6wj1	G	I	0	B | A	protein | protein	NA | NA	hemagglutinin ha2 chain | hemagglutinin ha1 chain	IMMUNE SYSTEM	04/11/20	Crystal structure of Fab 54-4H03 bound to H1 influenza hemagglutinin	INFLUENZA A VIRUS; HOMO SAPIENS	homo sapiens	homo sapiens	influenza a virus | influenza a virus	Wu, N.C., Wilson, I.A.	3.503	X-RAY DIFFRACTION	0.232	0.179	False	True	IGHV6	IGKV3	Kappa	None	None	None	None	None
6wj1	H	L	0	F | E	protein | protein	NA | NA	hemagglutinin ha2 chain | hemagglutinin ha1 chain	IMMUNE SYSTEM	04/11/20	Crystal structure of Fab 54-4H03 bound to H1 influenza hemagglutinin	INFLUENZA A VIRUS; HOMO SAPIENS	homo sapiens	homo sapiens	influenza a virus | influenza a virus	Wu, N.C., Wilson, I.A.	3.503	X-RAY DIFFRACTION	0.232	0.179	False	True	IGHV6	IGKV3	Kappa	None	None	None	None	None
2b1h	H	L	0	P	peptide	NA	ug29 peptide of exterior membrane glycoprotein gp120	IMMMUNE SYSTEM	09/15/05	Crystal structure analysis of anti-HIV-1 V3 Fab 2219 in complex with UG29 peptide	HOMO SAPIENS; SYNTHETIC CONSTRUCT	homo sapiens	homo sapiens		Stanfield, R.L., Gorny, M.K., Zolla-Pazner, S., Wilson, I.A.	2.0	X-RAY DIFFRACTION	0.238	0.205	False	False	IGHV5	IGLV1	Lambda	None	None	None	None	None
5tqa	H	L	0	NA	NA	NA	NA	IMMUNE SYSTEM	10/23/16	Crystal Structure of DH270.6 (unliganded) from the DH270 Broadly Neutralizing N332-Glycan Dependent Lineage	HOMO SAPIENS	homo sapiens	homo sapiens		Fera, D., Harrison, S.C.	2.723	X-RAY DIFFRACTION	0.201	0.185	False	True	IGHV1	IGLV2	Lambda	None	None	None	None	None
5tqa	A	B	0	NA	NA	NA	NA	IMMUNE SYSTEM	10/23/16	Crystal Structure of DH270.6 (unliganded) from the DH270 Broadly Neutralizing N332-Glycan Dependent Lineage	HOMO SAPIENS	homo sapiens	homo sapiens		Fera, D., Harrison, S.C.	2.723	X-RAY DIFFRACTION	0.201	0.185	False	True	IGHV1	IGLV2	Lambda	None	None	None	None	None
6id4	H	L	0	A | B	protein | protein	NA | NA	mhc class i antigen | beta-2-microglobulin	IMMUNE SYSTEM	09/08/18	Defining the structural basis for human alloantibody binding to human leukocyte antigen allele HLA-A*11:01	HOMO SAPIENS; SYNTHETIC CONSTRUCT	homo sapiens	homo sapiens	homo sapiens | homo sapiens	Lescar, J., Wong, Y.H., Liew, C.W., Gu, Y., MacAry, P.A.	2.4	X-RAY DIFFRACTION	0.246	0.197	False	True	IGHV1	IGLV5	Lambda	None	None	None	None	None
6id4	C	D	0	E | F	protein | protein	NA | NA	mhc class i antigen | beta-2-microglobulin	IMMUNE SYSTEM	09/08/18	Defining the structural basis for human alloantibody binding to human leukocyte antigen allele HLA-A*11:01	HOMO SAPIENS; SYNTHETIC CONSTRUCT	homo sapiens	homo sapiens	homo sapiens | homo sapiens	Lescar, J., Wong, Y.H., Liew, C.W., Gu, Y., MacAry, P.A.	2.4	X-RAY DIFFRACTION	0.246	0.197	False	True	IGHV1	IGLV5	Lambda	None	None	None	None	None
1g9m	H	L	0	G	protein	NA	envelope glycoprotein gp120	Viral protein/Immune system	11/24/00	HIV-1 HXBC2 GP120 ENVELOPE GLYCOPROTEIN COMPLEXED WITH CD4 AND INDUCED NEUTRALIZING ANTIBODY 17B	HUMAN IMMUNODEFICIENCY VIRUS 1; HOMO SAPIENS	homo sapiens	homo sapiens	human immunodeficiency virus 1	Kwong, P.D., Wyatt, R., Majeed, S., Robinson, J., Sweet, R.W., Sodroski, J., Hendrickson, W.A.	2.2	X-RAY DIFFRACTION	0.330	0.268	False	True	IGHV1	IGKV3	Kappa	None	None	None	None	None
5gru	L	L	0	A	protein	NA	maltose-binding periplasmic protein	IMMUNE SYSTEM	08/12/16	Structure of mono-specific diabody	ESCHERICHIA COLI; MUS MUSCULUS; HOMO SAPIENS	mus musculus		escherichia coli	Kim, J.H., Song, D.H., Youn, S.J., Cho, G., Lee, H., Lee, J.O.	1.955	X-RAY DIFFRACTION	0.237	0.197	True	True	unknown	unknown	unknown	None	None	None	None	None
5gru	H	H	0	A	protein	NA	maltose-binding periplasmic protein	IMMUNE SYSTEM	08/12/16	Structure of mono-specific diabody	ESCHERICHIA COLI; MUS MUSCULUS; HOMO SAPIENS	homo sapiens		escherichia coli	Kim, J.H., Song, D.H., Youn, S.J., Cho, G., Lee, H., Lee, J.O.	1.955	X-RAY DIFFRACTION	0.237	0.197	True	True	unknown	unknown	unknown	None	None	None	None	None
8vdl	H	L	0	C	protein	NA	hb3var03 cidra1.4 domain	IMMUNE SYSTEM	10/09/24	HB3VAR03 CIDRa1.4 domain with C7 Fab	Homo sapiens; Plasmodium falciparum HB3	homo sapiens	homo sapiens	plasmodium falciparum hb3	Hurlburt, N.K., Pancera, M.	2.68	X-RAY DIFFRACTION	0.266	0.217	False	True	IGHV3	IGLV3	Lambda	None	None	None	None	None
3qa3	B	A	0	E	protein	NA	integrin alpha-m	IMMUNE SYSTEM/ cell adhesion	01/10/11	Crystal Structure of A-domain in complex with antibody	HOMO SAPIENS; MUS MUSCULUS	mus musculus	mus musculus	homo sapiens	Mahalingam, B., Xiong, J.P., Arnaout, M.A.	3.0	X-RAY DIFFRACTION	0.224	0.194	False	False	IGHV14	IGKV8	Kappa	None	None	None	None	None
3qa3	D	C	0	G	protein	NA	integrin alpha-m	IMMUNE SYSTEM/ cell adhesion	01/10/11	Crystal Structure of A-domain in complex with antibody	HOMO SAPIENS; MUS MUSCULUS	mus musculus	mus musculus	homo sapiens	Mahalingam, B., Xiong, J.P., Arnaout, M.A.	3.0	X-RAY DIFFRACTION	0.224	0.194	False	False	IGHV14	IGKV8	Kappa	None	None	None	None	None
3qa3	K	J	0	L	protein	NA	integrin alpha-m	IMMUNE SYSTEM/ cell adhesion	01/10/11	Crystal Structure of A-domain in complex with antibody	HOMO SAPIENS; MUS MUSCULUS	mus musculus	mus musculus	homo sapiens	Mahalingam, B., Xiong, J.P., Arnaout, M.A.	3.0	X-RAY DIFFRACTION	0.224	0.194	False	False	IGHV14	IGKV8	Kappa	None	None	None	None	None
3qa3	H	F	0	I	protein	NA	integrin alpha-m	IMMUNE SYSTEM/ cell adhesion	01/10/11	Crystal Structure of A-domain in complex with antibody	HOMO SAPIENS; MUS MUSCULUS	mus musculus	mus musculus	homo sapiens	Mahalingam, B., Xiong, J.P., Arnaout, M.A.	3.0	X-RAY DIFFRACTION	0.224	0.194	False	False	IGHV14	IGKV8	Kappa	None	None	None	None	None
2ai0	K	O	0	NA	NA	NA	NA	IMMUNE SYSTEM	07/28/05	Anti-Cocaine Antibody 7.5.21, Crystal Form III	MUS MUSCULUS	mus musculus	mus musculus		Pozharski, E., Hewagama, A., Shanafelt, A., Ringe, D., Petsko, G.A.	2.2	X-RAY DIFFRACTION	0.279	0.222	False	False	IGHV5	IGKV1	Kappa	None	None	None	None	None
2ai0	I	M	0	NA	NA	NA	NA	IMMUNE SYSTEM	07/28/05	Anti-Cocaine Antibody 7.5.21, Crystal Form III	MUS MUSCULUS	mus musculus	mus musculus		Pozharski, E., Hewagama, A., Shanafelt, A., Ringe, D., Petsko, G.A.	2.2	X-RAY DIFFRACTION	0.279	0.222	False	False	IGHV5	IGKV1	Kappa	None	None	None	None	None
2ai0	H	L	0	NA	NA	NA	NA	IMMUNE SYSTEM	07/28/05	Anti-Cocaine Antibody 7.5.21, Crystal Form III	MUS MUSCULUS	mus musculus	mus musculus		Pozharski, E., Hewagama, A., Shanafelt, A., Ringe, D., Petsko, G.A.	2.2	X-RAY DIFFRACTION	0.279	0.222	False	False	IGHV5	IGKV1	Kappa	None	None	None	None	None
2ai0	J	N	0	NA	NA	NA	NA	IMMUNE SYSTEM	07/28/05	Anti-Cocaine Antibody 7.5.21, Crystal Form III	MUS MUSCULUS	mus musculus	mus musculus		Pozharski, E., Hewagama, A., Shanafelt, A., Ringe, D., Petsko, G.A.	2.2	X-RAY DIFFRACTION	0.279	0.222	False	False	IGHV5	IGKV1	Kappa	None	None	None	None	None
5x2o	J	K	0	C | D	protein | protein	NA | NA	taste receptor, type 1, member 2a | taste receptor, type 1, member 3	SIGNALING PROTEIN/IMMUNE SYSTEM	02/02/17	Crystal structure of the medaka fish taste receptor T1r2a-T1r3 ligand binding domains in complex with L-arginine	ORYZIAS LATIPES; MUS MUSCULUS	mus musculus	mus musculus	oryzias latipes | oryzias latipes	Nuemket, N., Yasui, N., Atsumi, N., Yamashita, A.	2.6	X-RAY DIFFRACTION	0.272	0.185	False	True	IGHV1	IGKV3	Kappa	None	None	None	None	None
5x2o	H	L	0	A	protein	NA	taste receptor, type 1, member 2a	SIGNALING PROTEIN/IMMUNE SYSTEM	02/02/17	Crystal structure of the medaka fish taste receptor T1r2a-T1r3 ligand binding domains in complex with L-arginine	ORYZIAS LATIPES; MUS MUSCULUS	mus musculus	mus musculus	oryzias latipes	Nuemket, N., Yasui, N., Atsumi, N., Yamashita, A.	2.6	X-RAY DIFFRACTION	0.272	0.185	False	True	IGHV1	IGKV3	Kappa	None	None	None	None	None
7tp3	H	L	0	Z	protein	NA	spike protein s1	IMMUNE SYSTEM	01/24/22	Crystal structure of SARS-CoV-2 receptor binding domain in complex with neutralizing antibody K288.2	SEVERE ACUTE RESPIRATORY SYNDROME CORONAVIRUS 2; MACACA MULATTA	macaca mulatta	macaca mulatta	severe acute respiratory syndrome coronavirus2 	Yuan, M., Zhu, X., Wilson, I.A.	2.33	X-RAY DIFFRACTION	0.231	0.185	False	True	IGHV3	IGKV3	Kappa	None	None	None	None	None
6snc	B	A	0	C	peptide	NA	envelope glycoprotein gp160	IMMUNE SYSTEM	08/23/19	crystal structure of LN01 Fab in complex with an HIV-1 gp41 peptide	HOMO SAPIENS; SYNTHETIC CONSTRUCT	homo sapiens	homo sapiens	human immunodeficiency virus 1	Caillat, C., Pinto, D., Corti, D., Fenwick, C., Pantaleo, G., Weissenhorn, W.	3.2	X-RAY DIFFRACTION	0.254	0.213	False	True	IGHV4	IGKV1	Kappa	None	None	None	None	None
6snc	H	L	0	P	peptide	NA	envelope glycoprotein gp160	IMMUNE SYSTEM	08/23/19	crystal structure of LN01 Fab in complex with an HIV-1 gp41 peptide	HOMO SAPIENS; SYNTHETIC CONSTRUCT	homo sapiens	homo sapiens	human immunodeficiency virus 1	Caillat, C., Pinto, D., Corti, D., Fenwick, C., Pantaleo, G., Weissenhorn, W.	3.2	X-RAY DIFFRACTION	0.254	0.213	False	True	IGHV4	IGKV1	Kappa	None	None	None	None	None
7rdm	B	A	0	C	carbohydrate	NAG	N-ACETYL-D-GLUCOSAMINE	IMMUNE SYSTEM	07/09/21	Crystal structure of PCDN-38B, a broadly neutralizing anti-HIV antibody	HOMO SAPIENS	homo sapiens	homo sapiens		Omorodion, O., Wilson, I.A.	2.08	X-RAY DIFFRACTION	0.219	0.191	False	True	IGHV4	IGKV3	Kappa	None	None	None	None	None
3juy	A	A	0	NA	NA	NA	NA	IMMUNE SYSTEM	09/15/09	Crystal Structure of a 3B3 Variant, a Broadly Neutralizing HIV-1 scFv Antibody	HOMO SAPIENS	homo sapiens			Clark, K.R., Walsh, S.T.	2.5	X-RAY DIFFRACTION	0.260	0.195	True	True	unknown	unknown	unknown	None	None	None	None	None
3juy	D	D	0	NA	NA	NA	NA	IMMUNE SYSTEM	09/15/09	Crystal Structure of a 3B3 Variant, a Broadly Neutralizing HIV-1 scFv Antibody	HOMO SAPIENS	homo sapiens			Clark, K.R., Walsh, S.T.	2.5	X-RAY DIFFRACTION	0.260	0.195	True	True	unknown	unknown	unknown	None	None	None	None	None
3juy	F	F	0	NA	NA	NA	NA	IMMUNE SYSTEM	09/15/09	Crystal Structure of a 3B3 Variant, a Broadly Neutralizing HIV-1 scFv Antibody	HOMO SAPIENS	homo sapiens			Clark, K.R., Walsh, S.T.	2.5	X-RAY DIFFRACTION	0.260	0.195	True	True	unknown	unknown	unknown	None	None	None	None	None
3juy	B	B	0	NA	NA	NA	NA	IMMUNE SYSTEM	09/15/09	Crystal Structure of a 3B3 Variant, a Broadly Neutralizing HIV-1 scFv Antibody	HOMO SAPIENS	homo sapiens			Clark, K.R., Walsh, S.T.	2.5	X-RAY DIFFRACTION	0.260	0.195	True	True	unknown	unknown	unknown	None	None	None	None	None
3juy	E	E	0	NA	NA	NA	NA	IMMUNE SYSTEM	09/15/09	Crystal Structure of a 3B3 Variant, a Broadly Neutralizing HIV-1 scFv Antibody	HOMO SAPIENS	homo sapiens			Clark, K.R., Walsh, S.T.	2.5	X-RAY DIFFRACTION	0.260	0.195	True	True	unknown	unknown	unknown	None	None	None	None	None
3juy	C	C	0	NA	NA	NA	NA	IMMUNE SYSTEM	09/15/09	Crystal Structure of a 3B3 Variant, a Broadly Neutralizing HIV-1 scFv Antibody	HOMO SAPIENS	homo sapiens			Clark, K.R., Walsh, S.T.	2.5	X-RAY DIFFRACTION	0.260	0.195	True	True	unknown	unknown	unknown	None	None	None	None	None
6vor	C	D	0	NA	NA	NA	NA	IMMUNE SYSTEM	01/31/20	Crystal structure of macaque anti-HIV-1 antibody RM20E1	MACACA MULATTA	macaca mulatta	macaca mulatta		Yuan, M., Wilson, I.A.	1.85	X-RAY DIFFRACTION	0.252	0.224	False	True	IGHV5	IGKV2	Kappa	None	None	None	None	None
6vor	A	B	0	NA	NA	NA	NA	IMMUNE SYSTEM	01/31/20	Crystal structure of macaque anti-HIV-1 antibody RM20E1	MACACA MULATTA	macaca mulatta	macaca mulatta		Yuan, M., Wilson, I.A.	1.85	X-RAY DIFFRACTION	0.252	0.224	False	True	IGHV5	IGKV2	Kappa	None	None	None	None	None
4ydk	H	L	0	G	protein	NA	envelope glycoprotein gp160,envelope glycoprotein gp160	IMMUNE SYSTEM	02/22/15	Crystal structure of broadly and potently neutralizing antibody C38-VRC16.01 in complex with HIV-1 clade AE strain 93TH057 gp120	HUMAN IMMUNODEFICIENCY VIRUS 1; HOMO SAPIENS	homo sapiens	homo sapiens	human immunodeficiency virus 1	Zhou, T., Moquin, S., Zheng, A., Kwong, P.D.	2.051	X-RAY DIFFRACTION	0.206	0.166	False	True	IGHV3	IGKV1	Kappa	None	None	None	None	None
6dcv	H	L	0	NA	NA	NA	NA	IMMUNE SYSTEM	05/08/18	Crystal structure of human anti-tau antibody CBTAU-27.1	HOMO SAPIENS	homo sapiens	homo sapiens		Zhu, X., Zhang, H., Wilson, I.A.	1.9	X-RAY DIFFRACTION	0.229	0.186	False	True	IGHV5	IGKV4	Kappa	None	None	None	None	None
6dcv	B	A	0	NA	NA	NA	NA	IMMUNE SYSTEM	05/08/18	Crystal structure of human anti-tau antibody CBTAU-27.1	HOMO SAPIENS	homo sapiens	homo sapiens		Zhu, X., Zhang, H., Wilson, I.A.	1.9	X-RAY DIFFRACTION	0.229	0.186	False	True	IGHV5	IGKV4	Kappa	None	None	None	None	None
6yxk	A	B	0	C	peptide	NA	citrullinated vimentin (59-74)	IMMUNE SYSTEM	05/03/20	Crystal structure of ACPA 3F3 in complex with cit-vimentin 59-74	HOMO SAPIENS; SYNTHETIC CONSTRUCT	homo sapiens	homo sapiens	homo sapiens	Ge, C., Holmdahl, R.	2.0	X-RAY DIFFRACTION	0.253	0.211	False	True	unknown	IGKV4	Kappa	None	None	None	None	None
5ukr	H	L	0	G	protein	NA	chimeric b.yu2 gp120 core derived from hiv-1 env	IMMUNE SYSTEM	01/23/17	Structure of unliganded anti-gp120 CD4bs antibody DH522.2 Fab in complex with a gp120 core	MACACA MULATTA; HUMAN IMMUNODEFICIENCY VIRUS 1	macaca mulatta	macaca mulatta	human immunodeficiency virus 1	Nicely, N.I.	2.712	X-RAY DIFFRACTION	0.265	0.201	False	True	IGHV4	IGLV2	Lambda	None	None	None	None	None
4yfl	H	L	0	G	protein	NA	envelope glycoprotein gp160,envelope glycoprotein gp160,envelope glycoprotein gp160 	IMMUNE SYSTEM	02/25/15	Crystal structure of VH1-46 germline-derived CD4-binding site-directed antibody 1B2530 in complex with HIV-1 clade A/E 93TH057 gp120	HUMAN IMMUNODEFICIENCY VIRUS 1; HOMO SAPIENS	homo sapiens	homo sapiens	human immunodeficiency virus 1	Acharya, P., Zhou, T., Moquin, S., Kwong, P.D.	3.387	X-RAY DIFFRACTION	0.326	0.268	False	True	IGHV1	IGLV1	Lambda	None	None	None	None	None
4yfl	F	I	0	E	protein	NA	envelope glycoprotein gp160,envelope glycoprotein gp160,envelope glycoprotein gp160 	IMMUNE SYSTEM	02/25/15	Crystal structure of VH1-46 germline-derived CD4-binding site-directed antibody 1B2530 in complex with HIV-1 clade A/E 93TH057 gp120	HUMAN IMMUNODEFICIENCY VIRUS 1; HOMO SAPIENS	homo sapiens	homo sapiens	human immunodeficiency virus 1	Acharya, P., Zhou, T., Moquin, S., Kwong, P.D.	3.387	X-RAY DIFFRACTION	0.326	0.268	False	True	IGHV1	IGLV1	Lambda	None	None	None	None	None
6mqe	A	B	0	D	peptide	NA	hiv fusion peptide	IMMUNE SYSTEM	10/09/18	Vaccine-elicited NHP FP-targeting neutralizing antibody DFPH-a.15 in complex with FP (residue 512-519)	PLATYRRHINI; SYNTHETIC CONSTRUCT	platyrrhini	platyrrhini	human immunodeficiency virus 1	Xu, K., Wang, Y., Kwong, P.D.	2.459	X-RAY DIFFRACTION	0.245	0.192	False	True	IGHV4	IGKV1	Kappa	None	None	None	None	None
6mqe	H	L	0	C	peptide	NA	hiv fusion peptide	IMMUNE SYSTEM	10/09/18	Vaccine-elicited NHP FP-targeting neutralizing antibody DFPH-a.15 in complex with FP (residue 512-519)	PLATYRRHINI; SYNTHETIC CONSTRUCT	platyrrhini	platyrrhini	human immunodeficiency virus 1	Xu, K., Wang, Y., Kwong, P.D.	2.459	X-RAY DIFFRACTION	0.245	0.192	False	True	IGHV4	IGKV1	Kappa	None	None	None	None	None
5ewi	H	L	0	NA	NA	NA	NA	IMMUNE SYSTEM	11/20/15	Crystal Structure of the Human Fab VRC38.01, an HIV-1 V1V2-Directed Neutralizing Antibody Isolated from Donor N90		homo sapiens	homo sapiens		Gorman, J., Kwong, P.D.	1.5996	X-RAY DIFFRACTION	0.202	0.173	False	True	IGHV3	IGKV2	Kappa	None	None	None	None	None
8g1b	A	B	0	NA	NA	NA	NA	IMMUNE SYSTEM	10/18/23	Crystal structure of polyreactive 2G02 human Fab	Homo sapiens	homo sapiens	homo sapiens		Borowska, M.T., Adams, E.J.	1.67	X-RAY DIFFRACTION	0.222	0.194	False	True	IGHV1	IGKV2	Kappa	None	None	None	None	None
8g1b	C	D	0	NA	NA	NA	NA	IMMUNE SYSTEM	10/18/23	Crystal structure of polyreactive 2G02 human Fab	Homo sapiens	homo sapiens	homo sapiens		Borowska, M.T., Adams, E.J.	1.67	X-RAY DIFFRACTION	0.222	0.194	False	True	IGHV1	IGKV2	Kappa	None	None	None	None	None
5mhs	H	F	0	NA	NA	NA	NA	IMMUNE SYSTEM	11/25/16	T1L reovirus sigma1 complexed with 5C6 Fab fragments	REOVIRUS TYPE 1 (STRAIN LANG); MUS MUSCULUS	mus musculus	mus musculus		Stehle, T., Dietrich, M.H.	3.7	X-RAY DIFFRACTION	0.278	0.261	False	False	IGHV2	IGKV3	Kappa	None	None	None	None	None
5mhs	N	G	0	NA	NA	NA	NA	IMMUNE SYSTEM	11/25/16	T1L reovirus sigma1 complexed with 5C6 Fab fragments	REOVIRUS TYPE 1 (STRAIN LANG); MUS MUSCULUS	mus musculus	mus musculus		Stehle, T., Dietrich, M.H.	3.7	X-RAY DIFFRACTION	0.278	0.261	False	False	IGHV2	IGKV3	Kappa	None	None	None	None	None
5mhs	E	D	0	B | A	protein | protein	NA | NA	outer capsid protein sigma-1 | outer capsid protein sigma-1	IMMUNE SYSTEM	11/25/16	T1L reovirus sigma1 complexed with 5C6 Fab fragments	REOVIRUS TYPE 1 (STRAIN LANG); MUS MUSCULUS	mus musculus	mus musculus	reovirus type 1 (strain lang) | reovirus type 1 (strain lang)	Stehle, T., Dietrich, M.H.	3.7	X-RAY DIFFRACTION	0.278	0.261	False	False	IGHV2	IGKV3	Kappa	None	None	None	None	None
3fku	U	U	0	H | G	protein | protein	NA | NA	hemagglutinin | hemagglutinin	VIRAL PROTEIN/IMMUNE SYSTEM	12/17/08	Crystal structure of influenza hemagglutinin (H5) in complex with a broadly neutralizing antibody F10	INFLUENZA A VIRUS; HOMO SAPIENS	homo sapiens		influenza a virus | influenza a virus	Hwang, W.C., Santelli, E., Stec, B., Wei, G., Cadwell, G., Bankston, L.A., Sui, J., Perez, S., Aird, D., Chen, L.M., Ali, M., Murakami, A., Yammanuru, A., Han, T., Cox, N., Donis, R.O., Liddington, R.C., Marasco, W.A.	3.2	X-RAY DIFFRACTION	0.286	0.232	True	True	unknown	unknown	unknown	1.30E-10	-13.48	SPR	25	19234466
3fku	T	T	0	L | K	protein | protein	NA | NA	hemagglutinin | hemagglutinin	VIRAL PROTEIN/IMMUNE SYSTEM	12/17/08	Crystal structure of influenza hemagglutinin (H5) in complex with a broadly neutralizing antibody F10	INFLUENZA A VIRUS; HOMO SAPIENS	homo sapiens		influenza a virus | influenza a virus	Hwang, W.C., Santelli, E., Stec, B., Wei, G., Cadwell, G., Bankston, L.A., Sui, J., Perez, S., Aird, D., Chen, L.M., Ali, M., Murakami, A., Yammanuru, A., Han, T., Cox, N., Donis, R.O., Liddington, R.C., Marasco, W.A.	3.2	X-RAY DIFFRACTION	0.286	0.232	True	True	unknown	unknown	unknown	1.30E-10	-13.48	SPR	25	19234466
3fku	X	X	0	F | E	protein | protein	NA | NA	hemagglutinin | hemagglutinin	VIRAL PROTEIN/IMMUNE SYSTEM	12/17/08	Crystal structure of influenza hemagglutinin (H5) in complex with a broadly neutralizing antibody F10	INFLUENZA A VIRUS; HOMO SAPIENS	homo sapiens		influenza a virus | influenza a virus	Hwang, W.C., Santelli, E., Stec, B., Wei, G., Cadwell, G., Bankston, L.A., Sui, J., Perez, S., Aird, D., Chen, L.M., Ali, M., Murakami, A., Yammanuru, A., Han, T., Cox, N., Donis, R.O., Liddington, R.C., Marasco, W.A.	3.2	X-RAY DIFFRACTION	0.286	0.232	True	True	unknown	unknown	unknown	1.30E-10	-13.48	SPR	25	19234466
3fku	S	S	0	J | I	protein | protein	NA | NA	hemagglutinin | hemagglutinin	VIRAL PROTEIN/IMMUNE SYSTEM	12/17/08	Crystal structure of influenza hemagglutinin (H5) in complex with a broadly neutralizing antibody F10	INFLUENZA A VIRUS; HOMO SAPIENS	homo sapiens		influenza a virus | influenza a virus	Hwang, W.C., Santelli, E., Stec, B., Wei, G., Cadwell, G., Bankston, L.A., Sui, J., Perez, S., Aird, D., Chen, L.M., Ali, M., Murakami, A., Yammanuru, A., Han, T., Cox, N., Donis, R.O., Liddington, R.C., Marasco, W.A.	3.2	X-RAY DIFFRACTION	0.286	0.232	True	True	unknown	unknown	unknown	1.30E-10	-13.48	SPR	25	19234466
3fku	Y	Y	0	B | A	protein | protein	NA | NA	hemagglutinin | hemagglutinin	VIRAL PROTEIN/IMMUNE SYSTEM	12/17/08	Crystal structure of influenza hemagglutinin (H5) in complex with a broadly neutralizing antibody F10	INFLUENZA A VIRUS; HOMO SAPIENS	homo sapiens		influenza a virus | influenza a virus	Hwang, W.C., Santelli, E., Stec, B., Wei, G., Cadwell, G., Bankston, L.A., Sui, J., Perez, S., Aird, D., Chen, L.M., Ali, M., Murakami, A., Yammanuru, A., Han, T., Cox, N., Donis, R.O., Liddington, R.C., Marasco, W.A.	3.2	X-RAY DIFFRACTION	0.286	0.232	True	True	unknown	unknown	unknown	1.30E-10	-13.48	SPR	25	19234466
3fku	Z	Z	0	D | C	protein | protein	NA | NA	hemagglutinin | hemagglutinin	VIRAL PROTEIN/IMMUNE SYSTEM	12/17/08	Crystal structure of influenza hemagglutinin (H5) in complex with a broadly neutralizing antibody F10	INFLUENZA A VIRUS; HOMO SAPIENS	homo sapiens		influenza a virus | influenza a virus	Hwang, W.C., Santelli, E., Stec, B., Wei, G., Cadwell, G., Bankston, L.A., Sui, J., Perez, S., Aird, D., Chen, L.M., Ali, M., Murakami, A., Yammanuru, A., Han, T., Cox, N., Donis, R.O., Liddington, R.C., Marasco, W.A.	3.2	X-RAY DIFFRACTION	0.286	0.232	True	True	unknown	unknown	unknown	1.30E-10	-13.48	SPR	25	19234466
3qcu	H	L	0	H	Hapten	NKN	(2R)-2-HYDROXY-3-(PHOSPHONOOXY)PROPYL TETRADECANOATE	IMMUNE SYSTEM	01/17/11	Crystal structure of the LT3015 antibody Fab fragment in complex with lysophosphatidic acid (14:0)	HOMO SAPIENS	homo sapiens	homo sapiens	homo sapiens	Fleming, J.K., Wojciak, J.M., Campbell, M.-A., Huxford, T.	1.979	X-RAY DIFFRACTION	0.252	0.222	False	True	IGHV5	IGKV2D	Kappa	None	None	None	None	None
3qcu	I	M	0	I	Hapten	NKN	(2R)-2-HYDROXY-3-(PHOSPHONOOXY)PROPYL TETRADECANOATE	IMMUNE SYSTEM	01/17/11	Crystal structure of the LT3015 antibody Fab fragment in complex with lysophosphatidic acid (14:0)	HOMO SAPIENS	homo sapiens	homo sapiens	homo sapiens	Fleming, J.K., Wojciak, J.M., Campbell, M.-A., Huxford, T.	1.979	X-RAY DIFFRACTION	0.252	0.222	False	True	IGHV5	IGKV2D	Kappa	None	None	None	None	None
4ubd	S	T	0	R | U	protein | protein	NA | NA	hemagglutinin ha2 chain | hemagglutinin ha1 chain	viral protein/immune system	08/12/14	Crystal structure of a neutralizing human monoclonal antibody with 1968 H3 HA	INFLUENZA A VIRUS; HOMO SAPIENS	homo sapiens	homo sapiens	influenza a virus | influenza a virus	Shore, D.A., Yang, H., Cho, M., Donis, R.O., Stevens, J.	3.5	X-RAY DIFFRACTION	0.258	0.212	False	True	IGHV1	IGKV3	Kappa	None	None	None	None	None
4ubd	Y	X	0	V | M	protein | protein	NA | NA	hemagglutinin ha2 chain | hemagglutinin ha1 chain	viral protein/immune system	08/12/14	Crystal structure of a neutralizing human monoclonal antibody with 1968 H3 HA	INFLUENZA A VIRUS; HOMO SAPIENS	homo sapiens	homo sapiens	influenza a virus | influenza a virus	Shore, D.A., Yang, H., Cho, M., Donis, R.O., Stevens, J.	3.5	X-RAY DIFFRACTION	0.258	0.212	False	True	IGHV1	IGKV3	Kappa	None	None	None	None	None
4ubd	C	D	0	B | I	protein | protein	NA | NA	hemagglutinin ha2 chain | hemagglutinin ha1 chain	viral protein/immune system	08/12/14	Crystal structure of a neutralizing human monoclonal antibody with 1968 H3 HA	INFLUENZA A VIRUS; HOMO SAPIENS	homo sapiens	homo sapiens	influenza a virus | influenza a virus	Shore, D.A., Yang, H., Cho, M., Donis, R.O., Stevens, J.	3.5	X-RAY DIFFRACTION	0.258	0.212	False	True	IGHV1	IGKV3	Kappa	None	None	None	None	None
4ubd	G	H	0	F | A	protein | protein	NA | NA	hemagglutinin ha2 chain | hemagglutinin ha1 chain	viral protein/immune system	08/12/14	Crystal structure of a neutralizing human monoclonal antibody with 1968 H3 HA	INFLUENZA A VIRUS; HOMO SAPIENS	homo sapiens	homo sapiens	influenza a virus | influenza a virus	Shore, D.A., Yang, H., Cho, M., Donis, R.O., Stevens, J.	3.5	X-RAY DIFFRACTION	0.258	0.212	False	True	IGHV1	IGKV3	Kappa	None	None	None	None	None
4ubd	K	L	0	J | E	protein | protein	NA | NA	hemagglutinin ha2 chain | hemagglutinin ha1 chain	viral protein/immune system	08/12/14	Crystal structure of a neutralizing human monoclonal antibody with 1968 H3 HA	INFLUENZA A VIRUS; HOMO SAPIENS	homo sapiens	homo sapiens	influenza a virus | influenza a virus	Shore, D.A., Yang, H., Cho, M., Donis, R.O., Stevens, J.	3.5	X-RAY DIFFRACTION	0.258	0.212	False	True	IGHV1	IGKV3	Kappa	None	None	None	None	None
4ubd	O	P	0	N | Q	protein | protein	NA | NA	hemagglutinin ha2 chain | hemagglutinin ha1 chain	viral protein/immune system	08/12/14	Crystal structure of a neutralizing human monoclonal antibody with 1968 H3 HA	INFLUENZA A VIRUS; HOMO SAPIENS	homo sapiens	homo sapiens	influenza a virus | influenza a virus	Shore, D.A., Yang, H., Cho, M., Donis, R.O., Stevens, J.	3.5	X-RAY DIFFRACTION	0.258	0.212	False	True	IGHV1	IGKV3	Kappa	None	None	None	None	None
4ydj	A	B	0	I	protein	NA	envelope glycoprotein gp160,envelope glycoprotein gp160	IMMUNE SYSTEM	02/22/15	Crystal structure of broadly and potently neutralizing antibody 44-VRC13.01 in complex with HIV-1 clade AE strain 93TH057 gp120	HUMAN IMMUNODEFICIENCY VIRUS 1; HOMO SAPIENS	homo sapiens	homo sapiens	human immunodeficiency virus 1	Zhou, T., Moquin, S., Kwong, P.D.	2.308	X-RAY DIFFRACTION	0.250	0.223	False	True	IGHV1	IGLV2	Lambda	None	None	None	None	None
4ydj	H	L	0	G	protein	NA	envelope glycoprotein gp160,envelope glycoprotein gp160	IMMUNE SYSTEM	02/22/15	Crystal structure of broadly and potently neutralizing antibody 44-VRC13.01 in complex with HIV-1 clade AE strain 93TH057 gp120	HUMAN IMMUNODEFICIENCY VIRUS 1; HOMO SAPIENS	homo sapiens	homo sapiens	human immunodeficiency virus 1	Zhou, T., Moquin, S., Kwong, P.D.	2.308	X-RAY DIFFRACTION	0.250	0.223	False	True	IGHV1	IGLV2	Lambda	None	None	None	None	None
6a4k	I	M	0	B	protein	NA	hemagglutinin	VIRAL PROTEIN/IMMUNE SYSTEM	06/20/18	Human antibody 32D6 Fab in complex with H1N1 influenza A virus HA1	INFLUENZA A VIRUS (A/CALIFORNIA/7/2009(H1N1)); HOMO SAPIENS	homo sapiens	homo sapiens	influenza a virus (a/california/7/2009(h1n1))	Lee, C.C., Ko, T.P., Lin, L.L., Wang, A.H.J.	3.15	X-RAY DIFFRACTION	0.233	0.175	False	True	IGHV4	IGLV4	Lambda	None	None	None	None	None
6a4k	H	L	0	A	protein	NA	hemagglutinin	VIRAL PROTEIN/IMMUNE SYSTEM	06/20/18	Human antibody 32D6 Fab in complex with H1N1 influenza A virus HA1	INFLUENZA A VIRUS (A/CALIFORNIA/7/2009(H1N1)); HOMO SAPIENS	homo sapiens	homo sapiens	influenza a virus (a/california/7/2009(h1n1))	Lee, C.C., Ko, T.P., Lin, L.L., Wang, A.H.J.	3.15	X-RAY DIFFRACTION	0.233	0.175	False	True	IGHV4	IGLV4	Lambda	None	None	None	None	None
6a4k	J	N	0	C	protein	NA	hemagglutinin	VIRAL PROTEIN/IMMUNE SYSTEM	06/20/18	Human antibody 32D6 Fab in complex with H1N1 influenza A virus HA1	INFLUENZA A VIRUS (A/CALIFORNIA/7/2009(H1N1)); HOMO SAPIENS	homo sapiens	homo sapiens	influenza a virus (a/california/7/2009(h1n1))	Lee, C.C., Ko, T.P., Lin, L.L., Wang, A.H.J.	3.15	X-RAY DIFFRACTION	0.233	0.175	False	True	IGHV4	IGLV4	Lambda	None	None	None	None	None
6a4k	K	O	0	D	protein	NA	hemagglutinin	VIRAL PROTEIN/IMMUNE SYSTEM	06/20/18	Human antibody 32D6 Fab in complex with H1N1 influenza A virus HA1	INFLUENZA A VIRUS (A/CALIFORNIA/7/2009(H1N1)); HOMO SAPIENS	homo sapiens	homo sapiens	influenza a virus (a/california/7/2009(h1n1))	Lee, C.C., Ko, T.P., Lin, L.L., Wang, A.H.J.	3.15	X-RAY DIFFRACTION	0.233	0.175	False	True	IGHV4	IGLV4	Lambda	None	None	None	None	None
5chn	A	B	0	NA	NA	NA	NA	IMMUNE SYSTEM	07/10/15	Fab fragments of chikungunya virus neutralizing human monoclonal antibody 5M16	HOMO SAPIENS	homo sapiens	homo sapiens		Long, F., Crowe, J.E., Rossmann, M.G.	2.047	X-RAY DIFFRACTION	0.218	0.172	False	False	IGHV1	IGKV2D	Kappa	None	None	None	None	None
5chn	H	L	0	NA	NA	NA	NA	IMMUNE SYSTEM	07/10/15	Fab fragments of chikungunya virus neutralizing human monoclonal antibody 5M16	HOMO SAPIENS	homo sapiens	homo sapiens		Long, F., Crowe, J.E., Rossmann, M.G.	2.047	X-RAY DIFFRACTION	0.218	0.172	False	False	IGHV1	IGKV2D	Kappa	None	None	None	None	None
5y2k	G	H	0	NA	NA	NA	NA	IMMUNE SYSTEM	07/26/17	A human antibody AF4H1L1	HOMO SAPIENS	homo sapiens	homo sapiens		Xiao, H., Qi, J., Gao, F.G.	2.1	X-RAY DIFFRACTION	0.259	0.220	False	True	IGHV3	IGLV3	Lambda	None	None	None	None	None
5y2k	E	F	0	NA	NA	NA	NA	IMMUNE SYSTEM	07/26/17	A human antibody AF4H1L1	HOMO SAPIENS	homo sapiens	homo sapiens		Xiao, H., Qi, J., Gao, F.G.	2.1	X-RAY DIFFRACTION	0.259	0.220	False	True	IGHV3	IGLV3	Lambda	None	None	None	None	None
5y2k	C	D	0	NA	NA	NA	NA	IMMUNE SYSTEM	07/26/17	A human antibody AF4H1L1	HOMO SAPIENS	homo sapiens	homo sapiens		Xiao, H., Qi, J., Gao, F.G.	2.1	X-RAY DIFFRACTION	0.259	0.220	False	True	IGHV3	IGLV3	Lambda	None	None	None	None	None
5y2k	A	B	0	NA	NA	NA	NA	IMMUNE SYSTEM	07/26/17	A human antibody AF4H1L1	HOMO SAPIENS	homo sapiens	homo sapiens		Xiao, H., Qi, J., Gao, F.G.	2.1	X-RAY DIFFRACTION	0.259	0.220	False	True	IGHV3	IGLV3	Lambda	None	None	None	None	None
5dum	H	L	0	A	protein	NA	hemagglutinin	IMMUNE SYSTEM	09/19/15	Crystal structure of influenza A virus H5 hemagglutinin globular head in complex with the Fab of antibody 65C6	HOMO SAPIENS; INFLUENZA A VIRUS (A/ANHUI/1/2005(H5N1))	homo sapiens	homo sapiens	influenza a virus (a/anhui/1/2005(h5n1))	Sun, J., Zuo, T., Wang, G., Zhou, P., Zhang, L., Wang, X.	3.003	X-RAY DIFFRACTION	0.269	0.215	False	True	IGHV5	IGKV3	Kappa	None	None	None	None	None
6okq	D	C	0	NA	NA	NA	NA	IMMUNE SYSTEM	04/14/19	Crystal structure of the SF12 Fab	HOMO SAPIENS	homo sapiens	homo sapiens		Barnes, C.O., Bjorkman, P.J.	3.2	X-RAY DIFFRACTION	0.299	0.273	False	True	IGHV4	IGKV3	Kappa	None	None	None	None	None
6okq	F	E	0	NA	NA	NA	NA	IMMUNE SYSTEM	04/14/19	Crystal structure of the SF12 Fab	HOMO SAPIENS	homo sapiens	homo sapiens		Barnes, C.O., Bjorkman, P.J.	3.2	X-RAY DIFFRACTION	0.299	0.273	False	True	IGHV4	IGKV3	Kappa	None	None	None	None	None
6okq	A	B	0	NA	NA	NA	NA	IMMUNE SYSTEM	04/14/19	Crystal structure of the SF12 Fab	HOMO SAPIENS	homo sapiens	homo sapiens		Barnes, C.O., Bjorkman, P.J.	3.2	X-RAY DIFFRACTION	0.299	0.273	False	True	IGHV4	IGKV3	Kappa	None	None	None	None	None
1etz	B	A	0	B	Hapten	GAS	?	IMMUNE SYSTEM	04/13/00	THE THREE-DIMENSIONAL STRUCTURE OF AN ANTI-SWEETENER FAB, NC10.14, SHOWS THE EXTENT OF STRUCTURAL DIVERSITY IN ANTIGEN RECOGNITION BY IMMUNOGLOBULINS	MUS MUSCULUS	mus musculus	mus musculus	mus musculus	Guddat, L.W., Shan, L., Broomell, C., Ramsland, P.A., Fan, Z., Anchin, J.M., Linthicum, D.S., Edmundson, A.B.	2.6	X-RAY DIFFRACTION	0.294	0.198	False	False	IGHV8	IGLV1	Lambda	7.30E-08	-9.73	Other	NA	8232332
1etz	H	L	0	H	Hapten	GAS	?	IMMUNE SYSTEM	04/13/00	THE THREE-DIMENSIONAL STRUCTURE OF AN ANTI-SWEETENER FAB, NC10.14, SHOWS THE EXTENT OF STRUCTURAL DIVERSITY IN ANTIGEN RECOGNITION BY IMMUNOGLOBULINS	MUS MUSCULUS	mus musculus	mus musculus	mus musculus	Guddat, L.W., Shan, L., Broomell, C., Ramsland, P.A., Fan, Z., Anchin, J.M., Linthicum, D.S., Edmundson, A.B.	2.6	X-RAY DIFFRACTION	0.294	0.198	False	False	IGHV8	IGLV1	Lambda	7.30E-08	-9.73	Other	NA	8232332
5t3z	H	L	0	G	protein	NA	envelope glycoprotein gp160	VIRAL PROTEIN/IMMUNE SYSTEM	08/26/16	3.5 Angstrom Crystal Structure of a Fully and Natively Glycosylated BG505 SOSIP.664 HIV-1 Env Trimer in Complex with the Broadly Neutralizing Antibodies IOMA and 10-1074	HUMAN IMMUNODEFICIENCY VIRUS 1; HOMO SAPIENS	homo sapiens	homo sapiens	human immunodeficiency virus 1	Gristick, H.B., Bjorkman, P.J.	3.5	X-RAY DIFFRACTION	0.298	0.275	False	True	IGHV4	unknown	unknown	None	None	None	None	None
5t3z	D	E	0	G	protein	NA	envelope glycoprotein gp160	VIRAL PROTEIN/IMMUNE SYSTEM	08/26/16	3.5 Angstrom Crystal Structure of a Fully and Natively Glycosylated BG505 SOSIP.664 HIV-1 Env Trimer in Complex with the Broadly Neutralizing Antibodies IOMA and 10-1074	HUMAN IMMUNODEFICIENCY VIRUS 1; HOMO SAPIENS	homo sapiens	homo sapiens	human immunodeficiency virus 1	Gristick, H.B., Bjorkman, P.J.	3.5	X-RAY DIFFRACTION	0.298	0.275	False	True	IGHV1	IGLV2	Lambda	None	None	None	None	None
4xmp	H	L	0	G	protein	NA	envelope glycoprotein gp160,envelope glycoprotein gp160,envelope glycoprotein gp160 	IMMUNE SYSTEM	01/15/15	Crystal structure of broadly and potently neutralizing antibody VRC08 in complex with HIV-1 clade A strain Q842.d12 gp120	HUMAN IMMUNODEFICIENCY VIRUS 1; HOMO SAPIENS	homo sapiens	homo sapiens	human immunodeficiency virus 1	Zhou, T., Srivatsan, S., Kwong, P.D.	1.7831	X-RAY DIFFRACTION	0.201	0.165	False	True	unknown	unknown	unknown	None	None	None	None	None
6nnj	U	V	0	G	protein	NA	envelope glycoprotein gp120	IMMUNE SYSTEM	01/15/19	Crystal Structure of HIV-1 BG505 SOSIP.664 Prefusion Env Trimer Bound to CH31 scFv in Complex with Crystallization Chaperones 3H109L Fab and 35O22 scFv at 3.1 Angstrom	HUMAN IMMUNODEFICIENCY VIRUS 1; HOMO SAPIENS	homo sapiens	homo sapiens	human immunodeficiency virus 1	Lai, Y.-T., Kwong, P.D.	2.6	X-RAY DIFFRACTION	0.293	0.248	False	True	unknown	unknown	unknown	None	None	None	None	None
6nnj	H	L	0	G	protein	NA	envelope glycoprotein gp120	IMMUNE SYSTEM	01/15/19	Crystal Structure of HIV-1 BG505 SOSIP.664 Prefusion Env Trimer Bound to CH31 scFv in Complex with Crystallization Chaperones 3H109L Fab and 35O22 scFv at 3.1 Angstrom	HUMAN IMMUNODEFICIENCY VIRUS 1; HOMO SAPIENS	homo sapiens	homo sapiens	human immunodeficiency virus 1	Lai, Y.-T., Kwong, P.D.	2.6	X-RAY DIFFRACTION	0.293	0.248	False	True	IGHV4	unknown	unknown	None	None	None	None	None
6nnj	D	E	0	B	protein	NA	envelope glycoprotein gp41	IMMUNE SYSTEM	01/15/19	Crystal Structure of HIV-1 BG505 SOSIP.664 Prefusion Env Trimer Bound to CH31 scFv in Complex with Crystallization Chaperones 3H109L Fab and 35O22 scFv at 3.1 Angstrom	HUMAN IMMUNODEFICIENCY VIRUS 1; HOMO SAPIENS	homo sapiens	homo sapiens	human immunodeficiency virus 1	Lai, Y.-T., Kwong, P.D.	2.6	X-RAY DIFFRACTION	0.293	0.248	False	True	unknown	unknown	unknown	None	None	None	None	None
6vu2	H	L	0	NA	NA	NA	NA	IMMUNE SYSTEM	02/14/20	M1214_N1 Fab structure	HUMAN IMMUNODEFICIENCY VIRUS	human immunodeficiency virus	human immunodeficiency virus		Pan, R., Kong, X.	2.19	X-RAY DIFFRACTION	0.216	0.177	False	True	unknown	unknown	unknown	None	None	None	None	None
7l79	A	B	0	NA	NA	NA	NA	IMMUNE SYSTEM	12/27/20	Crystal structure of broadly HIV-1-neutralizing antibody VRC40.01	HOMO SAPIENS	homo sapiens	homo sapiens		Zhou, T., Kwong, P.D.	2.826	X-RAY DIFFRACTION	0.280	0.220	False	True	unknown	unknown	unknown	None	None	None	None	None
7l79	H	L	0	NA	NA	NA	NA	IMMUNE SYSTEM	12/27/20	Crystal structure of broadly HIV-1-neutralizing antibody VRC40.01	HOMO SAPIENS	homo sapiens	homo sapiens		Zhou, T., Kwong, P.D.	2.826	X-RAY DIFFRACTION	0.280	0.220	False	True	unknown	unknown	unknown	None	None	None	None	None
8dzv	A	A	0	C	peptide	NA	ctni peptide	PROTEIN BINDING	07/26/23	Chicken anti-cardiac Troponin I antibody in complex with peptide	Gallus gallus; SYNTHETIC CONSTRUCT	gallus gallus		homo sapiens	Conroy, P.J., Law, H.P.	1.2	X-RAY DIFFRACTION	0.174	0.161	True	True	unknown	unknown	unknown	None	None	None	None	None
7y0v	H	L	0	R	protein	NA	spike protein s1	VIRAL PROTEIN/IMMUNE SYSTEM	09/28/22	The co-crystal structure of BA.1-RBD with Fab-5549	Homo sapiens; Severe acute respiratory syndrome coronavirus 2	homo sapiens	homo sapiens	severe acute respiratory syndrome coronavirus2 	Xiao, J.Y., Zhang, Y.	2.48	X-RAY DIFFRACTION	0.268	0.211	False	True	IGHV4	IGLV3	Lambda	None	None	None	None	None
7rlw	C	D	0	R	peptide	NA	pvcspvk210 peptide from circumsporozoite protein	ANTIMICROBIAL PROTEIN	07/26/21	Antibody 2F2 in complex with P. vivax CSP peptide GDRAAGQPAGDRAAGQPA	MUS MUSCULUS; SYNTHETIC CONSTRUCT	mus musculus	mus musculus	plasmodium vivax	Kucharska, I., Julien, J.P.	2.54	X-RAY DIFFRACTION	0.253	0.201	False	True	IGHV1	IGKV1	Kappa	None	None	None	None	None
7rlw	A	B	0	P	peptide	NA	pvcspvk210 peptide from circumsporozoite protein	ANTIMICROBIAL PROTEIN	07/26/21	Antibody 2F2 in complex with P. vivax CSP peptide GDRAAGQPAGDRAAGQPA	MUS MUSCULUS; SYNTHETIC CONSTRUCT	mus musculus	mus musculus	plasmodium vivax	Kucharska, I., Julien, J.P.	2.54	X-RAY DIFFRACTION	0.253	0.201	False	True	IGHV1	IGKV1	Kappa	None	None	None	None	None
6vsr	A	B	0	NA	NA	NA	NA	IMMUNE SYSTEM	02/11/20	Crystal structure of macaque anti-HIV-1 antibody RM20F	MACACA MULATTA	macaca mulatta	macaca mulatta		Oyen, D., Yuan, M., Wilson, I.A.	2.176	X-RAY DIFFRACTION	0.241	0.197	False	True	IGHV3	IGKV6	Kappa	None	None	None	None	None
1q72	H	L	0	H	Hapten	COC	COCAINE	IMMUNE SYSTEM	08/15/03	Anti-Cocaine Antibody M82G2 Complexed with Cocaine	MUS MUSCULUS	mus musculus	mus musculus	mus musculus	Pozharski, E., Moulin, A., Hewagama, A., Shanafelt, A.B., Petsko, G.A., Ringe, D.	1.7	X-RAY DIFFRACTION	0.249	0.218	False	False	IGHV6	IGKV2	Kappa	None	None	None	None	None
2gjj	A	A	0	NA	NA	NA	NA	IMMUNE SYSTEM	03/31/06	Crystal structure of a single chain antibody scA21 against Her2/ErbB2	MUS MUSCULUS		mus musculus		Zhu, Z.	2.1	X-RAY DIFFRACTION	0.226	0.189	True	True	unknown	unknown	unknown	None	None	None	None	None
2gjj	B	B	0	NA	NA	NA	NA	IMMUNE SYSTEM	03/31/06	Crystal structure of a single chain antibody scA21 against Her2/ErbB2	MUS MUSCULUS		mus musculus		Zhu, Z.	2.1	X-RAY DIFFRACTION	0.226	0.189	True	True	unknown	unknown	unknown	None	None	None	None	None
7syz	H	L	0	A	protein	NA	attachment glycoprotein	VIRAL PROTEIN/IMMUNE SYSTEM	11/25/21	Hendra virus G protein head domain in complex with cross-neutralizing murine antibody hAH1.3	HENDRA HENIPAVIRUS; MUS MUSCULUS	mus musculus	mus musculus	hendra henipavirus	Xu, K., Xu, Y.	2.86	X-RAY DIFFRACTION	0.262	0.246	False	True	IGHV9	IGKV1	Kappa	None	None	None	None	None
5tud	F	E	0	D	protein	NA	5-hydroxytryptamine receptor 2b,soluble cytochrome b562chimera 	SIGNALING PROTEIN	11/05/16	Structural Insights into the Extracellular Recognition of the Human Serotonin 2B Receptor by an Antibody	HOMO SAPIENS; ESCHERICHIA COLI; MUS MUSCULUS	mus musculus	mus musculus	homo sapiens, escherichia coli	Ishchenko, A., Wacker, D., Kapoor, M., Zhang, A., Han, G.W., Basu, S., Boutet, S., James, D., Wang, D., Weierstall, U., Liu, W., Katritch, V., Stevens, R.C., Cherezov, V.	3.0	X-RAY DIFFRACTION	0.247	0.227	False	True	IGHV1	IGKV4	Kappa	None	None	None	None	None
5tud	C	B	0	A	protein	NA	5-hydroxytryptamine receptor 2b,soluble cytochrome b562chimera 	SIGNALING PROTEIN	11/05/16	Structural Insights into the Extracellular Recognition of the Human Serotonin 2B Receptor by an Antibody	HOMO SAPIENS; ESCHERICHIA COLI; MUS MUSCULUS	mus musculus	mus musculus	homo sapiens, escherichia coli	Ishchenko, A., Wacker, D., Kapoor, M., Zhang, A., Han, G.W., Basu, S., Boutet, S., James, D., Wang, D., Weierstall, U., Liu, W., Katritch, V., Stevens, R.C., Cherezov, V.	3.0	X-RAY DIFFRACTION	0.247	0.227	False	True	IGHV1	IGKV4	Kappa	None	None	None	None	None
6x1w	H	L	0	A	peptide	NA	aclyana-3-ptza peptide	IMMUNE SYSTEM	05/19/20	Structure of pHis Fab (SC56-2) in complex with pHis mimetic peptide	ORYCTOLAGUS CUNICULUS; SYNTHETIC CONSTRUCT	oryctolagus cuniculus	oryctolagus cuniculus	synthetic construct	Kalagiri, R., Stanfield, R., Wilson, I.A., Hunter, T.	1.95	X-RAY DIFFRACTION	0.241	0.200	False	True	IGHV1	IGKV1	Kappa	None	None	None	None	None
3eyo	B	A	0	NA	NA	NA	NA	IMMUNE SYSTEM	10/21/08	Crystal structure of anti-human cytomegalovirus antibody 8F9	HOMO SAPIENS	homo sapiens	homo sapiens		Thomson, C.A., Bryson, S., McLean, G.R., Creagh, A.L., Pai, E.F., Schrader, J.W.	2.5	X-RAY DIFFRACTION	0.268	0.241	False	True	IGHV3	IGKV3	Kappa	None	None	None	None	None
3eyo	D	C	0	NA	NA	NA	NA	IMMUNE SYSTEM	10/21/08	Crystal structure of anti-human cytomegalovirus antibody 8F9	HOMO SAPIENS	homo sapiens	homo sapiens		Thomson, C.A., Bryson, S., McLean, G.R., Creagh, A.L., Pai, E.F., Schrader, J.W.	2.5	X-RAY DIFFRACTION	0.268	0.241	False	True	IGHV3	IGKV3	Kappa	None	None	None	None	None
7so5	H	L	0	A	protein	NA	toxin b	TOXIN/IMMUNE SYSTEM	10/29/21	Novel structural insights for a pair of monoclonal antibodies recognizing non-overlapping epitopes of the glucosyltransferase domain of Clostridium difficile toxin B	HOMO SAPIENS; CLOSTRIDIOIDES DIFFICILE R20291	homo sapiens	homo sapiens	clostridioides difficile r20291	Liu, J.	1.797	X-RAY DIFFRACTION	0.223	0.185	False	True	IGHV4	IGKV2	Kappa	None	None	None	None	None
5b71	D	C	0	F	protein	NA	complement c5 beta chain	IMMUNE SYSTEM	06/03/16	Crystal structure of complement C5 in complex with SKY59	HOMO SAPIENS	homo sapiens	homo sapiens	homo sapiens	Irie, M., Shimizu, Y., Sampei, Z., Fukuzawa, T.	2.11	X-RAY DIFFRACTION	0.285	0.246	False	True	unknown	IGKV1	Kappa	None	None	None	None	None
5b71	B	A	0	E	protein	NA	complement c5 beta chain	IMMUNE SYSTEM	06/03/16	Crystal structure of complement C5 in complex with SKY59	HOMO SAPIENS	homo sapiens	homo sapiens	homo sapiens	Irie, M., Shimizu, Y., Sampei, Z., Fukuzawa, T.	2.11	X-RAY DIFFRACTION	0.285	0.246	False	True	unknown	IGKV1	Kappa	None	None	None	None	None
7o2z	H	L	0	P	peptide	NA	p/a#1 epitope peptide	IMMUNE SYSTEM	04/01/21	Crystal structure of the anti-PAS Fab 2.2 in complex with its epitope peptide	MUS MUSCULUS; SYNTHETIC CONSTRUCT	mus musculus	mus musculus	synthetic construct	Schilz, J., Schiefner, A., Skerra, A.	2.55	X-RAY DIFFRACTION	0.238	0.195	False	True	IGHV8	IGKV8	Kappa	None	None	None	None	None
5e8e	B	A	0	H	protein	NA	thrombin heavy chain	IMMUNE SYSTEM/HYDROLASE	10/14/15	Crystal structure of thrombin bound to an exosite 1-specific IgA Fab	HOMO SAPIENS	homo sapiens	homo sapiens	homo sapiens	Baglin, T.P., Langdown, J., Frasson, R., Huntington, J.A.	1.9	X-RAY DIFFRACTION	0.244	0.201	False	False	IGHV1	IGKV3	Kappa	None	None	None	None	None
6x5e	B	A	0	NA	NA	NA	NA	IMMUNE SYSTEM	05/26/20	Crystal structure of a Lewis-binding Fab (ch88.2)	MUS MUSCULUS	mus musculus	mus musculus		Soliman, C., Ramsland, P.A.	2.29	X-RAY DIFFRACTION	0.284	0.230	False	True	IGHV6	IGKV12	Kappa	None	None	None	None	None
6x5e	H	L	0	NA	NA	NA	NA	IMMUNE SYSTEM	05/26/20	Crystal structure of a Lewis-binding Fab (ch88.2)	MUS MUSCULUS	mus musculus	mus musculus		Soliman, C., Ramsland, P.A.	2.29	X-RAY DIFFRACTION	0.284	0.230	False	True	IGHV6	IGKV12	Kappa	None	None	None	None	None
9ghj	H	L	0	A	protein	NA	pre-glycoprotein polyprotein gp complex	VIRAL PROTEIN	06/11/25	Junin virus GP1-GP2 heterodimer in complex with Fab of JUN1	Mammarenavirus juninense; Mus musculus	mus musculus	mus musculus	mammarenavirus juninense	Bowden, T.A., Paesen, G.C.	2.09	X-RAY DIFFRACTION	0.247	0.212	False	True	IGHV13	IGKV6	Kappa	None	None	None	None	None
8yor	B	A	0	E	peptide	NA	histidine--trna ligase, cytoplasmic	SPLICING/IMMUNE SYSTEM	02/12/25	Complex of HARSWHEP and a-HARSWHEP Fab	Homo sapiens	homo sapiens	homo sapiens	homo sapiens	Zhai, L.	2.3	X-RAY DIFFRACTION	0.273	0.227	False	True	IGHV1	IGKV3	Kappa	None	None	None	None	None
8yor	D	C	0	F	peptide	NA	histidine--trna ligase, cytoplasmic	SPLICING/IMMUNE SYSTEM	02/12/25	Complex of HARSWHEP and a-HARSWHEP Fab	Homo sapiens	homo sapiens	homo sapiens	homo sapiens	Zhai, L.	2.3	X-RAY DIFFRACTION	0.273	0.227	False	True	IGHV1	IGKV3	Kappa	None	None	None	None	None
9cqb	B	A	0	D	peptide	NA	mature secreted glycoprotein g	VIRAL PROTEIN/IMMUNE SYSTEM	02/19/25	Antibody 1G8 bound to the central conserved domain of RSV G	Homo sapiens; Respiratory syncytial virus A2	homo sapiens	homo sapiens	respiratory syncytial virus a2	Juarez, M.J., DuBois, M.J.	2.5	X-RAY DIFFRACTION	0.263	0.226	False	True	IGHV4	IGKV3	Kappa	None	None	None	None	None
8ywr	H	L	0	A	protein	NA	interleukin-6	IMMUNE SYSTEM	11/06/24	Crystal structure of the Fab fragment of the anti-IL-6 antibody 68F2 in complex with a domain-swapped IL-6 dimer	Homo sapiens; Lama glama	lama glama	lama glama	homo sapiens	Bukhdruker, S., Yudenko, A., Borshchevskiy, V.	2.93	X-RAY DIFFRACTION	0.256	0.214	False	True	IGHV4	IGLV2	Lambda	None	None	None	None	None
8veg	B	A	0	NA	NA	NA	NA	IMMUNE SYSTEM	10/30/24	Crystal structure of an engineered conformationally rigid anti-Tryptase Fab variant E104.v1.4DS.S112F	Homo sapiens	homo sapiens	homo sapiens		Kung, J.E., Sudhamsu, J.	2	X-RAY DIFFRACTION	0.237	0.209	False	True	IGHV4	IGKV1	Kappa	None	None	None	None	None
8x0t	H	L	0	A	protein	NA	frizzled-8	SIGNALING PROTEIN/IMMUNE SYSTEM	11/22/23	Frizzled8 CRD in complex with pF8_AC3 Fab	Homo sapiens; synthetic construct	synthetic construct	synthetic construct	homo sapiens	Li, N., Ge, Q.	2.5	X-RAY DIFFRACTION	0.290	0.238	False	True	IGHV3	IGLV3	Lambda	None	None	None	None	None
7u04	H	L	0	NA	NA	NA	NA	IMMUNE SYSTEM	08/24/22	IOMA class antibody ACS101	Homo sapiens	homo sapiens	homo sapiens		Farokhi, E., Stanfield, R.L., Wilson, I.A.	2.31	X-RAY DIFFRACTION	0.256	0.217	False	True	IGHV1	IGLV2	Lambda	None	None	None	None	None
7u62	H	L	0	H	Hapten	MOI	(7R,7AS,12BS)-3-METHYL-2,3,4,4A,7,7A-HEXAHYDRO-1H-4,12-METHANO[1]BENZOFURO[3,2-E]ISOQUINOLINE-7,9-DIOL	IMMUNE SYSTEM	01/11/23	Crystal structure of Anti-Heroin Antibody HY4-1F9 Fab Complexed with Morphine	Mus musculus	mus musculus	mus musculus	mus musculus	Rodarte, J.V., Pancera, M.P.	1.82	X-RAY DIFFRACTION	0.208	0.170	False	False	IGHV4	IGLV1	Lambda	None	None	None	None	None
7u62	I	M	0	NA	NA	NA	NA	IMMUNE SYSTEM	01/11/23	Crystal structure of Anti-Heroin Antibody HY4-1F9 Fab Complexed with Morphine	Mus musculus	mus musculus	mus musculus		Rodarte, J.V., Pancera, M.P.	1.82	X-RAY DIFFRACTION	0.208	0.170	False	False	IGHV4	IGLV1	Lambda	None	None	None	None	None
7u64	A	B	0	A	Hapten	7V7	N-phenyl-N-[1-(2-phenylethyl)piperidin-4-yl]propanamide	IMMUNE SYSTEM	01/11/23	Crystal Structure of Anti-Fentanyl Antibody HY6-F9.6 Fab Complexed with Fentanyl	Mus musculus	mus musculus	mus musculus	mus musculus	Rodarte, J.V., Pancera, M.P.	1.75	X-RAY DIFFRACTION	0.225	0.197	False	True	IGHV3	IGKV2	Kappa	None	None	None	None	None
7u64	C	D	0	C	Hapten	7V7	N-phenyl-N-[1-(2-phenylethyl)piperidin-4-yl]propanamide	IMMUNE SYSTEM	01/11/23	Crystal Structure of Anti-Fentanyl Antibody HY6-F9.6 Fab Complexed with Fentanyl	Mus musculus	mus musculus	mus musculus	mus musculus	Rodarte, J.V., Pancera, M.P.	1.75	X-RAY DIFFRACTION	0.225	0.197	False	True	IGHV3	IGKV2	Kappa	None	None	None	None	None
7u64	E	F	0	E	Hapten	7V7	N-phenyl-N-[1-(2-phenylethyl)piperidin-4-yl]propanamide	IMMUNE SYSTEM	01/11/23	Crystal Structure of Anti-Fentanyl Antibody HY6-F9.6 Fab Complexed with Fentanyl	Mus musculus	mus musculus	mus musculus	mus musculus	Rodarte, J.V., Pancera, M.P.	1.75	X-RAY DIFFRACTION	0.225	0.197	False	True	IGHV3	IGKV2	Kappa	None	None	None	None	None
7u64	G	H	0	G	Hapten	7V7	N-phenyl-N-[1-(2-phenylethyl)piperidin-4-yl]propanamide	IMMUNE SYSTEM	01/11/23	Crystal Structure of Anti-Fentanyl Antibody HY6-F9.6 Fab Complexed with Fentanyl	Mus musculus	mus musculus	mus musculus	mus musculus	Rodarte, J.V., Pancera, M.P.	1.75	X-RAY DIFFRACTION	0.225	0.197	False	True	IGHV3	IGKV2	Kappa	None	None	None	None	None
7u64	I	J	0	I	Hapten	7V7	N-phenyl-N-[1-(2-phenylethyl)piperidin-4-yl]propanamide	IMMUNE SYSTEM	01/11/23	Crystal Structure of Anti-Fentanyl Antibody HY6-F9.6 Fab Complexed with Fentanyl	Mus musculus	mus musculus	mus musculus	mus musculus	Rodarte, J.V., Pancera, M.P.	1.75	X-RAY DIFFRACTION	0.225	0.197	False	True	IGHV3	IGKV2	Kappa	None	None	None	None	None
7u64	K	L	0	K	Hapten	7V7	N-phenyl-N-[1-(2-phenylethyl)piperidin-4-yl]propanamide	IMMUNE SYSTEM	01/11/23	Crystal Structure of Anti-Fentanyl Antibody HY6-F9.6 Fab Complexed with Fentanyl	Mus musculus	mus musculus	mus musculus	mus musculus	Rodarte, J.V., Pancera, M.P.	1.75	X-RAY DIFFRACTION	0.225	0.197	False	True	IGHV3	IGKV2	Kappa	None	None	None	None	None
7u64	M	N	0	M	Hapten	7V7	N-phenyl-N-[1-(2-phenylethyl)piperidin-4-yl]propanamide	IMMUNE SYSTEM	01/11/23	Crystal Structure of Anti-Fentanyl Antibody HY6-F9.6 Fab Complexed with Fentanyl	Mus musculus	mus musculus	mus musculus	mus musculus	Rodarte, J.V., Pancera, M.P.	1.75	X-RAY DIFFRACTION	0.225	0.197	False	True	IGHV3	IGKV2	Kappa	None	None	None	None	None
7u64	O	P	0	O	Hapten	7V7	N-phenyl-N-[1-(2-phenylethyl)piperidin-4-yl]propanamide	IMMUNE SYSTEM	01/11/23	Crystal Structure of Anti-Fentanyl Antibody HY6-F9.6 Fab Complexed with Fentanyl	Mus musculus	mus musculus	mus musculus	mus musculus	Rodarte, J.V., Pancera, M.P.	1.75	X-RAY DIFFRACTION	0.225	0.197	False	True	IGHV3	IGKV2	Kappa	None	None	None	None	None
7u64	Q	R	0	NA	NA	NA	NA	IMMUNE SYSTEM	01/11/23	Crystal Structure of Anti-Fentanyl Antibody HY6-F9.6 Fab Complexed with Fentanyl	Mus musculus	mus musculus	mus musculus		Rodarte, J.V., Pancera, M.P.	1.75	X-RAY DIFFRACTION	0.225	0.197	False	True	IGHV3	IGKV2	Kappa	None	None	None	None	None
4cad	E	D	0	F	protein	NA	ras and a-factor converting enzyme 1, rce1	PROTEIN BINDING	10/08/13	Mechanism of farnesylated CAAX protein processing by the integral  membrane protease Rce1	METHANOCOCCUS MARIPALUDIS; MUS MUSCULUS	mus musculus	mus musculus	methanococcus maripaludis	Kulkarni, K., Manolaridis, I., Dodd, R.B., Cronin, N., Ogasawara, S., Iwata, S., Barford, D.	2.5	X-RAY DIFFRACTION	0.2669	0.2262	False	False	IGHV1	IGKV12	Kappa	None	None	None	None	None
4cad	K	J	0	L	protein	NA	ras and a-factor converting enzyme 1, rce1	PROTEIN BINDING	10/08/13	Mechanism of farnesylated CAAX protein processing by the integral  membrane protease Rce1	METHANOCOCCUS MARIPALUDIS; MUS MUSCULUS	mus musculus	mus musculus	methanococcus maripaludis	Kulkarni, K., Manolaridis, I., Dodd, R.B., Cronin, N., Ogasawara, S., Iwata, S., Barford, D.	2.5	X-RAY DIFFRACTION	0.2669	0.2262	False	False	IGHV1	IGKV12	Kappa	None	None	None	None	None
4cad	H	G	0	I	protein	NA	ras and a-factor converting enzyme 1, rce1	PROTEIN BINDING	10/08/13	Mechanism of farnesylated CAAX protein processing by the integral  membrane protease Rce1	METHANOCOCCUS MARIPALUDIS; MUS MUSCULUS	mus musculus	mus musculus	methanococcus maripaludis	Kulkarni, K., Manolaridis, I., Dodd, R.B., Cronin, N., Ogasawara, S., Iwata, S., Barford, D.	2.5	X-RAY DIFFRACTION	0.2669	0.2262	False	False	IGHV1	IGKV12	Kappa	None	None	None	None	None
4cad	B	A	0	C	protein	NA	ras and a-factor converting enzyme 1, rce1	PROTEIN BINDING	10/08/13	Mechanism of farnesylated CAAX protein processing by the integral  membrane protease Rce1	METHANOCOCCUS MARIPALUDIS; MUS MUSCULUS	mus musculus	mus musculus	methanococcus maripaludis	Kulkarni, K., Manolaridis, I., Dodd, R.B., Cronin, N., Ogasawara, S., Iwata, S., Barford, D.	2.5	X-RAY DIFFRACTION	0.2669	0.2262	False	False	IGHV1	IGKV12	Kappa	None	None	None	None	None
3i75	B	A	0	NA	NA	NA	NA	IMMUNE SYSTEM	07/08/09	Antibody Structure	MUS MUSCULUS	mus musculus	mus musculus		Isaacs, N.W., Riboldi-Tunnicliffe, A.	1.95	X-RAY DIFFRACTION	0.213	0.180	False	False	IGHV1	IGKV19	Kappa	None	None	None	None	None
6dc5	H	I	0	G	protein	NA	rsv fusion glycoprotein	IMMUNE SYSTEM	05/04/18	RSV prefusion F in complex with AM22 Fab	HUMAN RESPIRATORY SYNCYTIAL VIRUS A (STRAIN A2); HUMAN IMMUNODEFICIENCY VIRUS 1; HOMO SAPIENS	homo sapiens	homo sapiens	human respiratory syncytial virus a (straina2), human immunodeficiency virus 1 	Jones, H.G., McLellan, J.S.	3.5	X-RAY DIFFRACTION	0.280	0.217	False	True	IGHV1	IGKV3	Kappa	None	None	None	None	None
6dc5	B	C	0	A	protein	NA	rsv fusion glycoprotein	IMMUNE SYSTEM	05/04/18	RSV prefusion F in complex with AM22 Fab	HUMAN RESPIRATORY SYNCYTIAL VIRUS A (STRAIN A2); HUMAN IMMUNODEFICIENCY VIRUS 1; HOMO SAPIENS	homo sapiens	homo sapiens	human respiratory syncytial virus a (straina2), human immunodeficiency virus 1 	Jones, H.G., McLellan, J.S.	3.5	X-RAY DIFFRACTION	0.280	0.217	False	True	IGHV1	IGKV3	Kappa	None	None	None	None	None
6dc5	E	F	0	D	protein	NA	rsv fusion glycoprotein	IMMUNE SYSTEM	05/04/18	RSV prefusion F in complex with AM22 Fab	HUMAN RESPIRATORY SYNCYTIAL VIRUS A (STRAIN A2); HUMAN IMMUNODEFICIENCY VIRUS 1; HOMO SAPIENS	homo sapiens	homo sapiens	human respiratory syncytial virus a (straina2), human immunodeficiency virus 1 	Jones, H.G., McLellan, J.S.	3.5	X-RAY DIFFRACTION	0.280	0.217	False	True	IGHV1	IGKV3	Kappa	None	None	None	None	None
6o3l	A	B	0	E	peptide	NA	mper peptide, region 671-683 of hiv-1 gp41	IMMUNE SYSTEM	02/26/19	Crystal structure of the Fab fragment of the human HIV-1 neutralizing antibody PGZL1.H4K3 in complex with its MPER peptide epitope (region 671-683 of HIV-1 gp41).	HOMO SAPIENS; SYNTHETIC CONSTRUCT	homo sapiens	homo sapiens	human immunodeficiency virus 1	Irimia, A., Wilson, I.A.	1.98	X-RAY DIFFRACTION	0.211	0.170	False	True	IGHV1	IGKV3	Kappa	None	None	None	None	None
6o3l	H	L	0	D	peptide	NA	mper peptide, region 671-683 of hiv-1 gp41	IMMUNE SYSTEM	02/26/19	Crystal structure of the Fab fragment of the human HIV-1 neutralizing antibody PGZL1.H4K3 in complex with its MPER peptide epitope (region 671-683 of HIV-1 gp41).	HOMO SAPIENS; SYNTHETIC CONSTRUCT	homo sapiens	homo sapiens	human immunodeficiency virus 1	Irimia, A., Wilson, I.A.	1.98	X-RAY DIFFRACTION	0.211	0.170	False	True	IGHV1	IGKV3	Kappa	None	None	None	None	None
4xnz	H	L	0	G	protein	NA	envelope glycoprotein gp160,envelope glycoprotein gp160	IMMUNE SYSTEM	01/16/15	Crystal structure of broadly and potently neutralizing antibody VRC06B in complex with HIV-1 clade A/E strain 93TH057 gp120	HOMO SAPIENS; HUMAN IMMUNODEFICIENCY VIRUS 1	homo sapiens	homo sapiens	human immunodeficiency virus 1	Zhou, T., Srivatsan, S., Kwong, P.D.	3.389	X-RAY DIFFRACTION	0.301	0.244	False	True	unknown	unknown	unknown	None	None	None	None	None
4xnz	E	F	0	D	protein	NA	envelope glycoprotein gp160,envelope glycoprotein gp160	IMMUNE SYSTEM	01/16/15	Crystal structure of broadly and potently neutralizing antibody VRC06B in complex with HIV-1 clade A/E strain 93TH057 gp120	HOMO SAPIENS; HUMAN IMMUNODEFICIENCY VIRUS 1	homo sapiens	homo sapiens	human immunodeficiency virus 1	Zhou, T., Srivatsan, S., Kwong, P.D.	3.389	X-RAY DIFFRACTION	0.301	0.244	False	True	unknown	unknown	unknown	None	None	None	None	None
4xnz	B	C	0	A	protein	NA	envelope glycoprotein gp160,envelope glycoprotein gp160	IMMUNE SYSTEM	01/16/15	Crystal structure of broadly and potently neutralizing antibody VRC06B in complex with HIV-1 clade A/E strain 93TH057 gp120	HOMO SAPIENS; HUMAN IMMUNODEFICIENCY VIRUS 1	homo sapiens	homo sapiens	human immunodeficiency virus 1	Zhou, T., Srivatsan, S., Kwong, P.D.	3.389	X-RAY DIFFRACTION	0.301	0.244	False	True	unknown	unknown	unknown	None	None	None	None	None
6oe4	E	F	0	D	protein	NA	fusion glycoprotein f0	Viral protein/immune system	03/27/19	Prefusion RSV F monomer bound by neutralizing antibody CR9501	HUMAN RESPIRATORY SYNCYTIAL VIRUS A (STRAIN A2); HOMO SAPIENS	homo sapiens	homo sapiens	human respiratory syncytial virus a (straina2) 	McLellan, J.S., Gilman, M.S.A.	3.3	X-RAY DIFFRACTION	0.259	0.212	False	True	IGHV4	IGKV1	Kappa	None	None	None	None	None
6oe4	B	C	0	A	protein	NA	fusion glycoprotein f0	Viral protein/immune system	03/27/19	Prefusion RSV F monomer bound by neutralizing antibody CR9501	HUMAN RESPIRATORY SYNCYTIAL VIRUS A (STRAIN A2); HOMO SAPIENS	homo sapiens	homo sapiens	human respiratory syncytial virus a (straina2) 	McLellan, J.S., Gilman, M.S.A.	3.3	X-RAY DIFFRACTION	0.259	0.212	False	True	IGHV4	IGKV1	Kappa	None	None	None	None	None
6ffj	E	E	0	NA	NA	NA	NA	ANTITUMOR PROTEIN	01/08/18	Anti-tumor antibody 14F7-derived single chain fragment variable (scFv)	HOMO SAPIENS	homo sapiens			Bjerregaard-Andersen, K., Heggelund, J.E., Krengel, U.	2.2	X-RAY DIFFRACTION	0.238	0.184	True	True	unknown	unknown	unknown	None	None	None	None	None
6ffj	A	A	0	NA	NA	NA	NA	ANTITUMOR PROTEIN	01/08/18	Anti-tumor antibody 14F7-derived single chain fragment variable (scFv)	HOMO SAPIENS	homo sapiens			Bjerregaard-Andersen, K., Heggelund, J.E., Krengel, U.	2.2	X-RAY DIFFRACTION	0.238	0.184	True	True	unknown	unknown	unknown	None	None	None	None	None
6ffj	G	G	0	NA	NA	NA	NA	ANTITUMOR PROTEIN	01/08/18	Anti-tumor antibody 14F7-derived single chain fragment variable (scFv)	HOMO SAPIENS	homo sapiens			Bjerregaard-Andersen, K., Heggelund, J.E., Krengel, U.	2.2	X-RAY DIFFRACTION	0.238	0.184	True	True	unknown	unknown	unknown	None	None	None	None	None
6ffj	C	C	0	NA	NA	NA	NA	ANTITUMOR PROTEIN	01/08/18	Anti-tumor antibody 14F7-derived single chain fragment variable (scFv)	HOMO SAPIENS	homo sapiens			Bjerregaard-Andersen, K., Heggelund, J.E., Krengel, U.	2.2	X-RAY DIFFRACTION	0.238	0.184	True	True	unknown	unknown	unknown	None	None	None	None	None
6wkl	A	B	0	NA	NA	NA	NA	IMMUNE SYSTEM	04/16/20	Fab Fragment of Anti-human LAG3 antibody (BAP050)	MUS MUSCULUS	mus musculus	mus musculus		Agnihotri, P., Mishra, A.K., Mariuzza, R.A.	1.89	X-RAY DIFFRACTION	0.223	0.193	False	True	IGHV9	IGKV10	Kappa	None	None	None	None	None
6cez	H	L	0	P	peptide	NA	hiv-1 gp120 v2 peptide con b	IMMUNE SYSTEM	02/13/18	Crystal Structure of Rabbit Anti-HIV-1 gp120 V2 Fab 16C2 in complex with V2 peptide ConB	ORYCTOLAGUS CUNICULUS; SYNTHETIC CONSTRUCT	oryctolagus cuniculus	oryctolagus cuniculus	human immunodeficiency virus 1	Kong, X., Pan, R.	2.399	X-RAY DIFFRACTION	0.296	0.237	False	True	IGHV1	IGKV1	Kappa	None	None	None	None	None
6was	H	L	0	J	protein	NA	1fd6 16055 v1v2 scaffold	IMMUNE SYSTEM	03/26/20	Structure of D19.PA8 Fab in complex with 1FD6 16055 V1V2 scaffold	HOMO SAPIENS; SYNTHETIC CONSTRUCT	homo sapiens	homo sapiens	homo sapiens	Singh, S., Liban, T.J., Pancera, M.	1.904	X-RAY DIFFRACTION	0.228	0.194	False	True	IGHV3	IGLV6	Lambda	None	None	None	None	None
6was	A	B	0	G	protein	NA	1fd6 16055 v1v2 scaffold	IMMUNE SYSTEM	03/26/20	Structure of D19.PA8 Fab in complex with 1FD6 16055 V1V2 scaffold	HOMO SAPIENS; SYNTHETIC CONSTRUCT	homo sapiens	homo sapiens	homo sapiens	Singh, S., Liban, T.J., Pancera, M.	1.904	X-RAY DIFFRACTION	0.228	0.194	False	True	IGHV3	IGLV6	Lambda	None	None	None	None	None
2gsi	B	A	0	W	peptide	NA	thermonuclease	IMMUNE SYSTEM	04/26/06	Crystal Structure of a Murine Fab in Complex with an 11 Residue Peptide Derived from Staphylococcal Nuclease	MUS MUSCULUS; SYNTHETIC CONSTRUCT	mus musculus	mus musculus		Armstrong, A.A., Amzel, L.M.	2.81	X-RAY DIFFRACTION	0.293	0.221	False	False	IGHV14	IGKV3	Kappa	None	None	None	None	None
2gsi	H	G	0	Z	peptide	NA	thermonuclease	IMMUNE SYSTEM	04/26/06	Crystal Structure of a Murine Fab in Complex with an 11 Residue Peptide Derived from Staphylococcal Nuclease	MUS MUSCULUS; SYNTHETIC CONSTRUCT	mus musculus	mus musculus		Armstrong, A.A., Amzel, L.M.	2.81	X-RAY DIFFRACTION	0.293	0.221	False	False	IGHV14	IGKV3	Kappa	None	None	None	None	None
2gsi	D	C	0	X	peptide	NA	thermonuclease	IMMUNE SYSTEM	04/26/06	Crystal Structure of a Murine Fab in Complex with an 11 Residue Peptide Derived from Staphylococcal Nuclease	MUS MUSCULUS; SYNTHETIC CONSTRUCT	mus musculus	mus musculus		Armstrong, A.A., Amzel, L.M.	2.81	X-RAY DIFFRACTION	0.293	0.221	False	False	IGHV14	IGKV3	Kappa	None	None	None	None	None
2gsi	F	E	0	Y	peptide	NA	thermonuclease	IMMUNE SYSTEM	04/26/06	Crystal Structure of a Murine Fab in Complex with an 11 Residue Peptide Derived from Staphylococcal Nuclease	MUS MUSCULUS; SYNTHETIC CONSTRUCT	mus musculus	mus musculus		Armstrong, A.A., Amzel, L.M.	2.81	X-RAY DIFFRACTION	0.293	0.221	False	False	IGHV14	IGKV3	Kappa	None	None	None	None	None
6yxm	H	L	0	B	peptide	NA	unknown	IMMUNE SYSTEM	05/03/20	Crystal structure of ACPA 1F2 in complex with CII-C-39-CIT	HOMO SAPIENS				Ge, C., Holmdahl, R.	2.85	X-RAY DIFFRACTION	0.276	0.210	False	False	IGHV7	unknown	unknown	None	None	None	None	None
6nm6	D	E	0	B	protein	NA	envelope glycoprotein gp41	IMMUNE SYSTEM	01/10/19	Crystal Structure of HIV-1 BG505 SOSIP.664 Prefusion Env Trimer Bound to N6 FR3-03 scFv in Complex with Crystallization Chaperones 3H109L Fab and 35O22 scFv at 3.2 Angstrom	HUMAN IMMUNODEFICIENCY VIRUS 1; HOMO SAPIENS	homo sapiens	homo sapiens	human immunodeficiency virus 1	Lai, Y.-T., Kwong, P.D.	2.739	X-RAY DIFFRACTION	0.288	0.240	False	True	unknown	unknown	unknown	None	None	None	None	None
6nm6	H	L	0	G	protein	NA	envelope glycoprotein gp120	IMMUNE SYSTEM	01/10/19	Crystal Structure of HIV-1 BG505 SOSIP.664 Prefusion Env Trimer Bound to N6 FR3-03 scFv in Complex with Crystallization Chaperones 3H109L Fab and 35O22 scFv at 3.2 Angstrom	HUMAN IMMUNODEFICIENCY VIRUS 1; HOMO SAPIENS	homo sapiens	homo sapiens	human immunodeficiency virus 1	Lai, Y.-T., Kwong, P.D.	2.739	X-RAY DIFFRACTION	0.288	0.240	False	True	IGHV4	unknown	unknown	None	None	None	None	None
6nm6	U	V	0	G	protein	NA	envelope glycoprotein gp120	IMMUNE SYSTEM	01/10/19	Crystal Structure of HIV-1 BG505 SOSIP.664 Prefusion Env Trimer Bound to N6 FR3-03 scFv in Complex with Crystallization Chaperones 3H109L Fab and 35O22 scFv at 3.2 Angstrom	HUMAN IMMUNODEFICIENCY VIRUS 1; HOMO SAPIENS	homo sapiens	homo sapiens	human immunodeficiency virus 1	Lai, Y.-T., Kwong, P.D.	2.739	X-RAY DIFFRACTION	0.288	0.240	False	True	unknown	unknown	unknown	None	None	None	None	None
4r90	H	L	0	NA	NA	NA	NA	Immune System	09/03/14	Anti CD70 Llama glama Fab 27B3	LLAMA GLAMA	lama glama	lama glama		Klarenbeek, A., El Mazouari, K., Desmyter, A., Blanchetot, C., Hultberg, A., Roovers, R.C., Cambillau, C., Spinelli, S., Del-Favero, J., Verrips, T., de Haard, H., Achour, I.	1.746	X-RAY DIFFRACTION	0.185	0.163	False	True	IGHV3	IGLV8	Lambda	None	None	None	None	None
5nbi	H	L	0	NA	NA	NA	NA	IMMUNE SYSTEM	03/02/17	Principles for computational design of antibodies	ESCHERICHIA COLI				Dym, O., Fleishman, S.J.	2.1	X-RAY DIFFRACTION	0.258	0.218	False	True	IGHV6	IGKV3	Kappa	None	None	None	None	None
9iy2	H	L	0	A	protein	NA	secreted protein orf2	IMMUNE SYSTEM	08/28/24	Immune complex of HEV-E2s, nAb 8C11 and nAb 8H3	Hepatitis E virus (strain Pakistan); Mus sp.	mus sp.	mus sp.	hepatitis e virus (strain pakistan)	Minghua, Z., Lizhi, Z., Ying, G., Shaowei, L.	3.476	X-RAY DIFFRACTION	0.269	0.223	False	False	IGHV8	IGKV12	Kappa	None	None	None	None	None
9iy2	D	C	0	B	protein	NA	secreted protein orf2	IMMUNE SYSTEM	08/28/24	Immune complex of HEV-E2s, nAb 8C11 and nAb 8H3	Hepatitis E virus (strain Pakistan); Mus sp.	mus sp.	mus sp.	hepatitis e virus (strain pakistan)	Minghua, Z., Lizhi, Z., Ying, G., Shaowei, L.	3.476	X-RAY DIFFRACTION	0.269	0.223	False	False	IGHV8	IGKV12	Kappa	None	None	None	None	None
9iy2	E	F	0	B	protein	NA	secreted protein orf2	IMMUNE SYSTEM	08/28/24	Immune complex of HEV-E2s, nAb 8C11 and nAb 8H3	Hepatitis E virus (strain Pakistan); Mus sp.	mus sp.	mus sp.	hepatitis e virus (strain pakistan)	Minghua, Z., Lizhi, Z., Ying, G., Shaowei, L.	3.476	X-RAY DIFFRACTION	0.269	0.223	False	False	IGHV2	IGKV8	Kappa	None	None	None	None	None
9iy2	G	I	0	A	protein	NA	secreted protein orf2	IMMUNE SYSTEM	08/28/24	Immune complex of HEV-E2s, nAb 8C11 and nAb 8H3	Hepatitis E virus (strain Pakistan); Mus sp.	mus sp.	mus sp.	hepatitis e virus (strain pakistan)	Minghua, Z., Lizhi, Z., Ying, G., Shaowei, L.	3.476	X-RAY DIFFRACTION	0.269	0.223	False	False	IGHV2	IGKV8	Kappa	None	None	None	None	None
8g8a	A	B	0	C	peptide	NA	env polyprotein	IMMUNE SYSTEM	05/22/24	Crystal structure of DH1317.8 Fab in complex with HIV proximal MPER peptide	Homo sapiens; SYNTHETIC CONSTRUCT	homo sapiens	homo sapiens	human immunodeficiency virus 1	Janus, B.M., Astavans, A., Ofek, G.	2.44	X-RAY DIFFRACTION	0.256	0.222	False	True	IGHV7	IGKV1	Kappa	None	None	None	None	None
8g8a	H	L	0	P	peptide	NA	env polyprotein	IMMUNE SYSTEM	05/22/24	Crystal structure of DH1317.8 Fab in complex with HIV proximal MPER peptide	Homo sapiens; SYNTHETIC CONSTRUCT	homo sapiens	homo sapiens	human immunodeficiency virus 1	Janus, B.M., Astavans, A., Ofek, G.	2.44	X-RAY DIFFRACTION	0.256	0.222	False	True	IGHV7	IGKV1	Kappa	None	None	None	None	None
8p88	C	A	0	NA	NA	NA	NA	IMMUNE SYSTEM	01/31/24	X-ray structure of cardiotoxic light chain H3 in complex to neutralizing nanobody C4	Homo sapiens; Lama glama	lama glama	homo sapiens		Broggini, L., Ricagno, S.	2.022	X-RAY DIFFRACTION	0.233	0.222	False	True	IGHV3	IGLV1	Lambda	None	None	None	None	None
8f6l	A	B	0	C	protein	NA	b- and t-lymphocyte attenuator	IMMUNE SYSTEM	05/24/23	anti-BTLA monoclonal antibody h25F7 in complex with BTLA	Homo sapiens	homo sapiens	homo sapiens	homo sapiens	Hendle, J., Atwell, S., Lieu, R., Hickey, M., Weichert, K.	1.85	X-RAY DIFFRACTION	0.240	0.198	False	True	IGHV1	IGKV4	Kappa	None	None	None	None	None
2ntf	H	L	0	H	Hapten	OHM	3-OXO-N-[(3S)-2-OXOPYRROLIDIN-3-YL]DODECANAMIDE	IMMUNE SYSTEM	11/07/06	Crystal Structure of a Quorum-Quenching Antibody in Complex with an N-Acyl-L-Homoserine Lactone Analog	MUS MUSCULUS	mus musculus	mus musculus	mus musculus	Debler, E.W., Wilson, I.A.	3.18	X-RAY DIFFRACTION	0.265	0.210	False	False	IGHV1	IGLV1	Lambda	3.00E-07	-9.25	Other	37	17400249
2ntf	B	A	0	B	Hapten	OHM	3-OXO-N-[(3S)-2-OXOPYRROLIDIN-3-YL]DODECANAMIDE	IMMUNE SYSTEM	11/07/06	Crystal Structure of a Quorum-Quenching Antibody in Complex with an N-Acyl-L-Homoserine Lactone Analog	MUS MUSCULUS	mus musculus	mus musculus	mus musculus	Debler, E.W., Wilson, I.A.	3.18	X-RAY DIFFRACTION	0.265	0.210	False	False	IGHV1	IGLV1	Lambda	3.00E-07	-9.25	Other	37	17400249
4fze	H	L	0	NA	NA	NA	NA	IMMUNE SYSTEM	07/06/12	Crystal structure of N26_i1 Fab, an ADCC mediating anti-HIV-1 antibody.	HOMO SAPIENS	homo sapiens	homo sapiens		Tolbert, W.D., Wu, X., Pazgier, M.	1.999	X-RAY DIFFRACTION	0.245	0.186	False	True	IGHV1	IGLV3	Lambda	None	None	None	None	None
3o0r	H	L	0	B | C	protein | protein	NA | NA	nitric oxide reductase subunit b | nitric oxide reductase subunit c	IMMUNE SYSTEM/OXIDOREDUCTASE	07/20/10	Crystal structure of nitric oxide reductase from Pseudomonas aeruginosa in complex with antibody fragment	MUS MUSCULUS; PSEUDOMONAS AERUGINOSA	mus musculus	mus musculus	pseudomonas aeruginosa | pseudomonas aeruginosa	Hino, T., Matsumoto, Y., Nagano, S., Sugimoto, H., Fukumori, Y., Murata, T., Iwata, S., Shiro, Y.	2.7	X-RAY DIFFRACTION	0.247	0.185	False	False	IGHV1	IGKV16	Kappa	None	None	None
3ujj	H	L	0	P	peptide	NA	gp120	IMMUNE SYSTEM	11/07/11	Crystal structure of anti-HIV-1 V3 Fab 4025 in complex with Con A peptide	HOMO SAPIENS; SYNTHETIC CONSTRUCT	homo sapiens	homo sapiens	human immunodeficiency virus 1	Kong, X.P., Sampson, J.	2.0	X-RAY DIFFRACTION	0.213	0.177	False	False	IGHV5	IGLV3	Lambda	None	None	None	None	None
4qww	D	C	0	B	protein	NA	acetylcholinesterase	HYDROLASE/IMMUNE SYSTEM	07/17/14	Crystal structure of the Fab410-BfAChE complex	BUNGARUS FASCIATUS; MUS MUSCULUS	mus musculus	mus musculus	bungarus fasciatus	Bourne, Y., Renault, L., Marchot, P.	2.7	X-RAY DIFFRACTION	0.239	0.199	False	False	IGHV10	IGKV4	Kappa	None	None	None	None	None
4qww	F	E	0	A	protein	NA	acetylcholinesterase	HYDROLASE/IMMUNE SYSTEM	07/17/14	Crystal structure of the Fab410-BfAChE complex	BUNGARUS FASCIATUS; MUS MUSCULUS	mus musculus	mus musculus	bungarus fasciatus	Bourne, Y., Renault, L., Marchot, P.	2.7	X-RAY DIFFRACTION	0.239	0.199	False	False	IGHV10	IGKV4	Kappa	None	None	None	None	None
3ld8	C	B	0	A	protein	NA	bifunctional arginine demethylase and lysyl-hydroxylasejmjd6 	IMMUNE SYSTEM	01/12/10	Structure of JMJD6 and Fab Fragments	HOMO SAPIENS; CRICETULUS MIGRATORIUS	cricetulus migratorius	cricetulus migratorius	homo sapiens	Hong, X., Zang, J., White, J., Kappler, J.W., Wang, C., Zhang, G.	2.7	X-RAY DIFFRACTION	0.260	0.233	False	True	IGHV3	IGKV8	Kappa	None	None	None	None	None
4nzu	H	L	0	NA	NA	NA	NA	IMMUNE SYSTEM	12/12/13	Crystal structure of the primary monoclonal antibody 13PL Fab' from a multiple myeloma patient	HOMO SAPIENS	homo sapiens	homo sapiens		Zhu, X., Wilson, I.A.	1.2	X-RAY DIFFRACTION	0.163	0.136	False	False	IGHV3	IGKV1	Kappa	None	None	None	None	None
6bpd	A	B	0	NA	NA	NA	NA	IMMUNE SYSTEM	11/22/17	Plasmodium vivax invasion blocking monoclonal antibody 10B12	MUS MUSCULUS	mus musculus	mus musculus		Gruszczyk, J., Chan, L.J., Tham, W.H.	2.32	X-RAY DIFFRACTION	0.262	0.211	False	False	IGHV1	IGKV1	Kappa	None	None	None	None	None
6wh9	E	F	0	D	protein	NA	kr1	OXIDOREDUCTASE/IMMUNE SYSTEM	04/07/20	Ketoreductase from module 1 of the 6-deoxyerythronolide B synthase (KR1) in complex with antibody fragment (Fab) 1D10	SACCHAROPOLYSPORA ERYTHRAEA; HOMO SAPIENS	homo sapiens	homo sapiens	saccharopolyspora erythraea	Cogan, D.P., Mathews, I.I., Khosla, C.	2.75	X-RAY DIFFRACTION	0.271	0.228	False	True	IGHV1	IGLV7	Lambda	None	None	None	None	None
6wh9	H	I	0	A	protein	NA	kr1	OXIDOREDUCTASE/IMMUNE SYSTEM	04/07/20	Ketoreductase from module 1 of the 6-deoxyerythronolide B synthase (KR1) in complex with antibody fragment (Fab) 1D10	SACCHAROPOLYSPORA ERYTHRAEA; HOMO SAPIENS	homo sapiens	homo sapiens	saccharopolyspora erythraea	Cogan, D.P., Mathews, I.I., Khosla, C.	2.75	X-RAY DIFFRACTION	0.271	0.228	False	True	IGHV1	IGLV7	Lambda	None	None	None	None	None
6wh9	B	C	0	G	protein	NA	kr1	OXIDOREDUCTASE/IMMUNE SYSTEM	04/07/20	Ketoreductase from module 1 of the 6-deoxyerythronolide B synthase (KR1) in complex with antibody fragment (Fab) 1D10	SACCHAROPOLYSPORA ERYTHRAEA; HOMO SAPIENS	homo sapiens	homo sapiens	saccharopolyspora erythraea	Cogan, D.P., Mathews, I.I., Khosla, C.	2.75	X-RAY DIFFRACTION	0.271	0.228	False	True	IGHV1	IGLV7	Lambda	None	None	None	None	None
4k7p	Y	X	0	NA	NA	NA	NA	IMMUNE SYSTEM	04/17/13	Generation and Characterization of a Unique Reagent that Recognizes a Panel of Recombinant Human Monoclonal Antibody Therapeutics in the Presence of Endogenous Human IgG	MUS MUSCULUS; HOMO SAPIENS	homo sapiens	homo sapiens		Eigenbrot, C., Shia, S.	2.95	X-RAY DIFFRACTION	0.284	0.219	False	True	IGHV3	IGKV1	Kappa	None	None	None	None	None
4k7p	H	L	0	NA	NA	NA	NA	IMMUNE SYSTEM	04/17/13	Generation and Characterization of a Unique Reagent that Recognizes a Panel of Recombinant Human Monoclonal Antibody Therapeutics in the Presence of Endogenous Human IgG	MUS MUSCULUS; HOMO SAPIENS	mus musculus	mus musculus		Eigenbrot, C., Shia, S.	2.95	X-RAY DIFFRACTION	0.284	0.219	False	True	IGHV9	IGKV12	Kappa	None	None	None	None	None
3qrg	H	L	0	NA	NA	NA	NA	IMMUNE SYSTEM	02/17/11	Crystal structure of antiRSVF Fab B21m	HOMO SAPIENS	homo sapiens	homo sapiens		Luo, J., Tsui, P., Lewandowski, F., Spurlino, J., Vecchio, F.D.	1.699	X-RAY DIFFRACTION	0.185	0.161	False	True	IGHV2	IGKV4	Kappa	None	None	None	None	None
6mqr	H	L	0	A	peptide	NA	hiv fusion peptide residue 512-519	IMMUNE SYSTEM	10/10/18	Vaccine-elicited NHP FP-targeting neutralizing antibody 0PV-a.01 in complex with FP (residue 512-519)	PLATYRRHINI; SYNTHETIC CONSTRUCT	platyrrhini	platyrrhini	human immunodeficiency virus 1	Xu, K., Wang, Y., Kwong, P.D.	2.45	X-RAY DIFFRACTION	0.209	0.175	False	True	IGHV4	IGKV1	Kappa	None	None	None	None	None
5vlp	H	L	0	A	protein	NA	proprotein convertase subtilisin/kexin type 9	HYDROLASE	04/25/17	PCSK9 complex with LDLR antagonist peptide and Fab7G7	HOMO SAPIENS; MUS MUSCULUS; SYNTHETIC CONSTRUCT	mus musculus	mus musculus	homo sapiens	Eigenbrot, C., Ultsch, M.	2.9	X-RAY DIFFRACTION	0.209	0.171	False	True	IGHV1	IGKV6	Kappa	None	None	None	None	None
8tq4	C	D	0	F | E	protein | protein	NA | NA	beta-2-microglobulin | h2 class i histocompatibility antigen d-d alpha chain (h2-dd) 	IMMUNE SYSTEM	02/05/25	Crystal structure of Fab M142 in complex with MHC-I (H2-Dd)	Mus musculus; Rattus norvegicus; SYNTHETIC CONSTRUCT	rattus norvegicus	rattus norvegicus	mus musculus | mus musculus	Jiang, J., Natarajan, K., Boyd, L.F., Margulies, D.H.	3.59	X-RAY DIFFRACTION	0.270	0.221	False	True	IGHV8	IGKV14	Kappa	None	None	None	None	None
8tq4	H	L	0	B | A	protein | protein	NA | NA	beta-2-microglobulin | h2 class i histocompatibility antigen d-d alpha chain (h2-dd) 	IMMUNE SYSTEM	02/05/25	Crystal structure of Fab M142 in complex with MHC-I (H2-Dd)	Mus musculus; Rattus norvegicus; SYNTHETIC CONSTRUCT	rattus norvegicus	rattus norvegicus	mus musculus | mus musculus	Jiang, J., Natarajan, K., Boyd, L.F., Margulies, D.H.	3.59	X-RAY DIFFRACTION	0.270	0.221	False	True	IGHV8	IGKV14	Kappa	None	None	None	None	None
8b50	H	L	0	H	Hapten	P0M	(2~{S})-2-azanyl-3-(7-oxidanyl-2-oxidanylidene-chromen-4-yl)propanoic acid	IMMUNE SYSTEM	10/04/23	Crystal structure of a Fab fragment in complex with L-hydroxycoumarylalanine	Mus musculus	mus musculus	mus musculus	mus musculus	Meining, W., Eichinger, A., Skerra, A.	1.67	X-RAY DIFFRACTION	0.221	0.191	False	True	IGHV14	IGKV2	Kappa	None	None	None	None	None
7bh8	G	H	0	A | P	protein | peptide	NA | NA	hla class i histocompatibility antigen, alpha chain e | vl9 leader peptide	IMMUNE SYSTEM	01/10/21	3H4-Fab HLA-E-VL9 co-complex	HOMO SAPIENS; MUS MUSCULUS; SYNTHETIC CONSTRUCT	mus musculus	mus musculus	homo sapiens | homo sapiens	Walters, L.C., Rozbesky, D.	1.8	X-RAY DIFFRACTION	0.232	0.195	False	True	IGHV1	IGKV14	Kappa	None	None	None	None	None
7bh8	E	F	0	C | Q	protein | peptide	NA | NA	hla class i histocompatibility antigen, alpha chain e | vl9 leader peptide	IMMUNE SYSTEM	01/10/21	3H4-Fab HLA-E-VL9 co-complex	HOMO SAPIENS; MUS MUSCULUS; SYNTHETIC CONSTRUCT	mus musculus	mus musculus	homo sapiens | homo sapiens	Walters, L.C., Rozbesky, D.	1.8	X-RAY DIFFRACTION	0.232	0.195	False	True	IGHV1	IGKV14	Kappa	None	None	None	None	None
6mu3	H	L	0	H	carbohydrate	BMA	polysaccharide	IMMUNE SYSTEM	10/22/18	Anti-HIV-1 Fab 2G12 + Man7 re-refinement	HOMO SAPIENS	homo sapiens	homo sapiens	homo sapiens	Wilson, I.A., Calarese, D.A., Stanfield, R.L.	2.327	X-RAY DIFFRACTION	0.235	0.201	False	True	unknown	IGKV1	Kappa	None	None	None	None	None
6mu3	M	K	0	M	carbohydrate	BMA	polysaccharide	IMMUNE SYSTEM	10/22/18	Anti-HIV-1 Fab 2G12 + Man7 re-refinement	HOMO SAPIENS	homo sapiens	homo sapiens	homo sapiens	Wilson, I.A., Calarese, D.A., Stanfield, R.L.	2.327	X-RAY DIFFRACTION	0.235	0.201	False	True	unknown	IGKV1	Kappa	None	None	None	None	None
2hmi	D	C	0	B	protein	NA	hisubunit of v-1 reverse transcriptase	IMMUNE SYSTEM/DNA	04/10/98	HIV-1 REVERSE TRANSCRIPTASE/FRAGMENT OF FAB 28/DNA COMPLEX	HUMAN IMMUNODEFICIENCY VIRUS 1; MUS MUSCULUS; SYNTHETIC CONSTRUCT	mus musculus	mus musculus	human immunodeficiency virus 1	Ding, J., Das, K., Hsiou, Y., Sarafianos, S.G., Clark Jr., A.D., Jacobo-Molina, A., Tantillo, C., Hughes, S.H., Arnold, E.	2.8	X-RAY DIFFRACTION	0.352	0.271	False	False	IGHV8	IGKV10	Kappa	None	None	None	None	None
4yue	H	L	0	C	protein	NA	interleukin-2	CYTOKINE/IMMUNE SYSTEM	03/18/15	Mouse IL-2 Bound to S4B6 Fab Fragment	MUS MUSCULUS	mus musculus	mus musculus	mus musculus	Spangler, J.B., Jude, K.M., Garcia, K.C.	2.194	X-RAY DIFFRACTION	0.231	0.203	False	True	IGHV1	IGKV12	Kappa	None	None	None	None	None
6dzr	H	L	0	NA	NA	NA	NA	IMMUNE SYSTEM	07/05/18	Crystal structure of h38C2 K99R mutation	HOMO SAPIENS	homo sapiens	homo sapiens		Park, H., Rader, C.	2.4	X-RAY DIFFRACTION	0.228	0.182	False	True	IGHV6	IGKV1	Kappa	None	None	None	None	None
6x7w	A	C	0	D	peptide	NA	hiv fusion peptide 512-519	IMMUNE SYSTEM/VIRAL PROTEIN	05/30/20	Vaccine-elicited mouse FP-targeting neutralizing antibody vFP49.02 in complex with HIV fusion peptide (residue 512-519)	MUS MUSCULUS; SYNTHETIC CONSTRUCT	mus musculus	mus musculus	human immunodeficiency virus 1	Xu, K., Kwong, P.D.	1.7	X-RAY DIFFRACTION	0.248	0.214	False	True	IGHV5	IGKV5	Kappa	None	None	None	None	None
6x7w	H	L	0	G	peptide	NA	hiv fusion peptide 512-519	IMMUNE SYSTEM/VIRAL PROTEIN	05/30/20	Vaccine-elicited mouse FP-targeting neutralizing antibody vFP49.02 in complex with HIV fusion peptide (residue 512-519)	MUS MUSCULUS; SYNTHETIC CONSTRUCT	mus musculus	mus musculus	human immunodeficiency virus 1	Xu, K., Kwong, P.D.	1.7	X-RAY DIFFRACTION	0.248	0.214	False	True	IGHV5	IGKV5	Kappa	None	None	None	None	None
43ca	D	C	0	C	Hapten	NPO	P-NITROPHENOL	IMMUNOGLOBULIN	03/10/99	CRYSTALLOGRAPHIC STRUCTURE OF THE ESTEROLYTIC AND AMIDOLYTIC 43C9 ANTIBODY WITH BOUND P-NITROPHENOL	MUS MUSCULUS	mus musculus	mus musculus	mus musculus	Thayer, M.M., Getzoff, E.D., Roberts, V.A.	2.3	X-RAY DIFFRACTION	0.259	0.206	False	True	IGHV2	IGKV8	Kappa	None	None	None	None	None
43ca	B	A	0	A	Hapten	NPO	P-NITROPHENOL	IMMUNOGLOBULIN	03/10/99	CRYSTALLOGRAPHIC STRUCTURE OF THE ESTEROLYTIC AND AMIDOLYTIC 43C9 ANTIBODY WITH BOUND P-NITROPHENOL	MUS MUSCULUS	mus musculus	mus musculus	mus musculus	Thayer, M.M., Getzoff, E.D., Roberts, V.A.	2.3	X-RAY DIFFRACTION	0.259	0.206	False	True	IGHV2	IGKV8	Kappa	None	None	None	None	None
43ca	F	E	0	E	Hapten	NPO	P-NITROPHENOL	IMMUNOGLOBULIN	03/10/99	CRYSTALLOGRAPHIC STRUCTURE OF THE ESTEROLYTIC AND AMIDOLYTIC 43C9 ANTIBODY WITH BOUND P-NITROPHENOL	MUS MUSCULUS	mus musculus	mus musculus	mus musculus	Thayer, M.M., Getzoff, E.D., Roberts, V.A.	2.3	X-RAY DIFFRACTION	0.259	0.206	False	True	IGHV2	IGKV8	Kappa	None	None	None	None	None
43ca	H	G	0	G	Hapten	NPO	P-NITROPHENOL	IMMUNOGLOBULIN	03/10/99	CRYSTALLOGRAPHIC STRUCTURE OF THE ESTEROLYTIC AND AMIDOLYTIC 43C9 ANTIBODY WITH BOUND P-NITROPHENOL	MUS MUSCULUS	mus musculus	mus musculus	mus musculus	Thayer, M.M., Getzoff, E.D., Roberts, V.A.	2.3	X-RAY DIFFRACTION	0.259	0.206	False	True	IGHV2	IGKV8	Kappa	None	None	None	None	None
5od0	H	L	0	NA	NA	NA	NA	IMMUNE SYSTEM	07/04/17	Crystal structure of ACPA E4	HOMO SAPIENS	homo sapiens	homo sapiens		Dobritzsch, D., Ge, C., Holmdahl, R.	1.8	X-RAY DIFFRACTION	0.213	0.170	False	True	IGHV4	IGLV1	Lambda	None	None	None	None	None
5kan	H	L	0	B | C	protein | protein	NA | NA	hemagglutinin ha2 | hemagglutinin ha1	IMMUNE SYSTEM	06/01/16	Crystal structure of multidonor HV1-18-class broadly neutralizing Influenza A antibody 16.g.07 in complex with A/Hong Kong/1-4-MA21-1/1968 (H3N2) Hemagglutinin	INFLUENZA A VIRUS (STRAIN A/HONG KONG/1/1968 H3N2); HOMO SAPIENS	homo sapiens	homo sapiens	influenza a virus (strain a/hong kong/1/1968h3n2)  | influenza a virus (strain a/hong kong/1/1968h3n2) 	Joyce, M.G., Thomas, P.V., Wheatley, A.K., McDermott, A.B., Mascola, J.R., Kwong, P.D.	2.785	X-RAY DIFFRACTION	0.243	0.218	False	True	IGHV1	IGKV1	Kappa	None	None	None	None	None
5kan	J	K	0	F | A	protein | protein	NA | NA	hemagglutinin ha2 | hemagglutinin ha1	IMMUNE SYSTEM	06/01/16	Crystal structure of multidonor HV1-18-class broadly neutralizing Influenza A antibody 16.g.07 in complex with A/Hong Kong/1-4-MA21-1/1968 (H3N2) Hemagglutinin	INFLUENZA A VIRUS (STRAIN A/HONG KONG/1/1968 H3N2); HOMO SAPIENS	homo sapiens	homo sapiens	influenza a virus (strain a/hong kong/1/1968h3n2)  | influenza a virus (strain a/hong kong/1/1968h3n2) 	Joyce, M.G., Thomas, P.V., Wheatley, A.K., McDermott, A.B., Mascola, J.R., Kwong, P.D.	2.785	X-RAY DIFFRACTION	0.243	0.218	False	True	IGHV1	IGKV1	Kappa	None	None	None	None	None
5kan	G	I	0	D | E	protein | protein	NA | NA	hemagglutinin ha2 | hemagglutinin ha1	IMMUNE SYSTEM	06/01/16	Crystal structure of multidonor HV1-18-class broadly neutralizing Influenza A antibody 16.g.07 in complex with A/Hong Kong/1-4-MA21-1/1968 (H3N2) Hemagglutinin	INFLUENZA A VIRUS (STRAIN A/HONG KONG/1/1968 H3N2); HOMO SAPIENS	homo sapiens	homo sapiens	influenza a virus (strain a/hong kong/1/1968h3n2)  | influenza a virus (strain a/hong kong/1/1968h3n2) 	Joyce, M.G., Thomas, P.V., Wheatley, A.K., McDermott, A.B., Mascola, J.R., Kwong, P.D.	2.785	X-RAY DIFFRACTION	0.243	0.218	False	True	IGHV1	IGKV1	Kappa	None	None	None	None	None
5wn9	H	H	0	A	peptide	NA	major surface glycoprotein g	VIRAL PROTEIN/IMMUNE SYSTEM	07/31/17	Structure of antibody 2D10 bound to the central conserved region of RSV G	HOMO SAPIENS; SYNTHETIC CONSTRUCT	homo sapiens		human respiratory syncytial virus a (straina2) 	Fedechkin, S.O., George, N.L., Wolff, J.T., Kauvar, L.M., DuBois, R.M.	1.551	X-RAY DIFFRACTION	0.185	0.169	True	True	unknown	unknown	unknown	None	None	None	None	None
9kef	H	L	0	A	protein	NA	rabv-g	VIRAL PROTEIN	04/23/25	Crystal strucutre of RABV-G in complex with SOJB-Fab complex	Homo sapiens; Rabies virus CVS-11	homo sapiens	homo sapiens	rabies virus cvs-11	Lu, G., Yang, F., Lin, S.	3.4	X-RAY DIFFRACTION	0.264	0.217	False	True	IGHV2	IGLV3	Lambda	None	None	None	None	None
9bjh	H	L	0	A	protein	NA	apical membrane antigen 1	STRUCTURAL PROTEIN	03/12/25	Crystal structure of neutralizing human monoclonal antibody 75C8 in complex with AMA1 DI-DII	Homo sapiens; Plasmodium falciparum 3D7	homo sapiens	homo sapiens	plasmodium falciparum 3d7	Patel, P.N., Tang, W.K., Tolia, N.H.	2.8	X-RAY DIFFRACTION	0.253	0.211	False	True	IGHV4	IGKV3	Kappa	None	None	None	None	None
9bjh	I	M	0	B	protein	NA	apical membrane antigen 1	STRUCTURAL PROTEIN	03/12/25	Crystal structure of neutralizing human monoclonal antibody 75C8 in complex with AMA1 DI-DII	Homo sapiens; Plasmodium falciparum 3D7	homo sapiens	homo sapiens	plasmodium falciparum 3d7	Patel, P.N., Tang, W.K., Tolia, N.H.	2.8	X-RAY DIFFRACTION	0.253	0.211	False	True	IGHV4	IGKV3	Kappa	None	None	None	None	None
8sj4	H	L	0	A	protein	NA	conglutin	IMMUNE SYSTEM	12/25/24	8F3-1H9-Ara h 6	Arachis hypogaea; Homo sapiens	homo sapiens	homo sapiens	arachis hypogaea	Spiller, B.W., Shrem, R.A.	2.67	X-RAY DIFFRACTION	0.232	0.190	False	True	IGHV7	IGKV1	Kappa	None	None	None	None	None
8sj4	F	D	0	A	protein	NA	conglutin	IMMUNE SYSTEM	12/25/24	8F3-1H9-Ara h 6	Arachis hypogaea; Homo sapiens	homo sapiens	homo sapiens	arachis hypogaea	Spiller, B.W., Shrem, R.A.	2.67	X-RAY DIFFRACTION	0.232	0.190	False	True	IGHV4	IGKV3	Kappa	None	None	None	None	None
8f7z	E	F	0	L	peptide	NA	hiv-1 env fusion peptide	VIRAL PROTEIN	11/01/23	VRC34.01_mm28 bound to fusion peptide	Homo sapiens; SYNTHETIC CONSTRUCT	homo sapiens	homo sapiens	human immunodeficiency virus 1	Olia, A.S., Kwong, P.D.	2.7	X-RAY DIFFRACTION	0.243	0.211	False	True	IGHV1	IGKV1	Kappa	None	None	None	None	None
8f7z	A	B	0	I	peptide	NA	hiv-1 env fusion peptide	VIRAL PROTEIN	11/01/23	VRC34.01_mm28 bound to fusion peptide	Homo sapiens; SYNTHETIC CONSTRUCT	homo sapiens	homo sapiens	human immunodeficiency virus 1	Olia, A.S., Kwong, P.D.	2.7	X-RAY DIFFRACTION	0.243	0.211	False	True	IGHV1	IGKV1	Kappa	None	None	None	None	None
8f7z	C	D	0	K	peptide	NA	hiv-1 env fusion peptide	VIRAL PROTEIN	11/01/23	VRC34.01_mm28 bound to fusion peptide	Homo sapiens; SYNTHETIC CONSTRUCT	homo sapiens	homo sapiens	human immunodeficiency virus 1	Olia, A.S., Kwong, P.D.	2.7	X-RAY DIFFRACTION	0.243	0.211	False	True	IGHV1	IGKV1	Kappa	None	None	None	None	None
8f7z	G	H	0	M	peptide	NA	hiv-1 env fusion peptide	VIRAL PROTEIN	11/01/23	VRC34.01_mm28 bound to fusion peptide	Homo sapiens; SYNTHETIC CONSTRUCT	homo sapiens	homo sapiens	human immunodeficiency virus 1	Olia, A.S., Kwong, P.D.	2.7	X-RAY DIFFRACTION	0.243	0.211	False	True	IGHV1	IGKV1	Kappa	None	None	None	None	None
3mlt	H	L	0	P	peptide	NA	hiv-1 gp120 third variable region (v3) crown	IMMUNE SYSTEM	04/18/10	Crystal structure of anti-HIV-1 V3 Fab 2557 in complex with a UG1033 V3 peptide	HOMO SAPIENS; HUMAN IMMUNODEFICIENCY VIRUS 1	homo sapiens	homo sapiens	human immunodeficiency virus 1	Kong, X.-P.	2.49	X-RAY DIFFRACTION	0.280	0.202	False	False	IGHV5	IGLV3	Lambda	None	None	None	None	None
3mlt	I	G	0	NA	NA	NA	NA	IMMUNE SYSTEM	04/18/10	Crystal structure of anti-HIV-1 V3 Fab 2557 in complex with a UG1033 V3 peptide	HOMO SAPIENS; HUMAN IMMUNODEFICIENCY VIRUS 1	homo sapiens	homo sapiens		Kong, X.-P.	2.49	X-RAY DIFFRACTION	0.280	0.202	False	False	IGHV5	IGLV3	Lambda	None	None	None	None	None
3mlt	E	D	0	NA	NA	NA	NA	IMMUNE SYSTEM	04/18/10	Crystal structure of anti-HIV-1 V3 Fab 2557 in complex with a UG1033 V3 peptide	HOMO SAPIENS; HUMAN IMMUNODEFICIENCY VIRUS 1	homo sapiens	homo sapiens		Kong, X.-P.	2.49	X-RAY DIFFRACTION	0.280	0.202	False	False	IGHV5	IGLV3	Lambda	None	None	None	None	None
3mlt	B	A	0	C	peptide	NA	hiv-1 gp120 third variable region (v3) crown	IMMUNE SYSTEM	04/18/10	Crystal structure of anti-HIV-1 V3 Fab 2557 in complex with a UG1033 V3 peptide	HOMO SAPIENS; HUMAN IMMUNODEFICIENCY VIRUS 1	homo sapiens	homo sapiens	human immunodeficiency virus 1	Kong, X.-P.	2.49	X-RAY DIFFRACTION	0.280	0.202	False	False	IGHV5	IGLV3	Lambda	None	None	None	None	None
4f9l	D	D	0	A	protein	NA	butyrophilin subfamily 3 member a1	IMMUNE SYSTEM	05/18/12	Crystal Structure of the Human BTN3A1 Ectodomain in Complex with the 20.1 Single Chain Antibody	HOMO SAPIENS; MUS MUSCULUS		mus musculus	homo sapiens	Palakodeti, A., Sandstrom, A., Sundaresan, L., Harly, C., Nedellec, S., Olive, D., Scotet, E., Bonneville, M., Adams, E.J.	3.1404	X-RAY DIFFRACTION	0.303	0.254	True	True	unknown	unknown	unknown	None	None	None	None	None
4f9l	C	C	0	B	protein	NA	butyrophilin subfamily 3 member a1	IMMUNE SYSTEM	05/18/12	Crystal Structure of the Human BTN3A1 Ectodomain in Complex with the 20.1 Single Chain Antibody	HOMO SAPIENS; MUS MUSCULUS		mus musculus	homo sapiens	Palakodeti, A., Sandstrom, A., Sundaresan, L., Harly, C., Nedellec, S., Olive, D., Scotet, E., Bonneville, M., Adams, E.J.	3.1404	X-RAY DIFFRACTION	0.303	0.254	True	True	unknown	unknown	unknown	None	None	None	None	None
6a77	H	L	0	A	protein	NA	roundabout homolog 1	IMMUNE SYSTEM	07/02/18	Crystal structure of the fifth immunoglobulin domain (Ig5) of human Robo1 in complex with the Fab fragment of murine monoclonal antibody B5209B	HOMO SAPIENS; MUS MUSCULUS	mus musculus	mus musculus	homo sapiens	Mizohata, E., Nakayama, T., Kado, Y., Inoue, T.	2.0	X-RAY DIFFRACTION	0.278	0.238	False	True	IGHV5	IGKV12	Kappa	None	None	None	None	None
5dmi	H	L	0	A	protein	NA	tumor necrosis factor receptor superfamily member 5	IMMUNE SYSTEM/SIGNALING PROTEIN	09/08/15	Structure of the extracellular domain of the CD40 in complex with CHI220 FAB	HOMO SAPIENS; MUS MUSCULUS, HOMO SAPIENS	mus musculus, homo sapiens	mus musculus, homo sapiens	homo sapiens	Sheriff, S.	3.69	X-RAY DIFFRACTION	0.207	0.168	False	True	IGHV9	IGKV5	Kappa	None	None	None	None	None
1zan	H	L	0	NA	NA	NA	NA	IMMUNE SYSTEM	04/06/05	Crystal structure of anti-NGF AD11 Fab	RATTUS NORVEGICUS	rattus norvegicus	rattus norvegicus		Covaceuszach, S., Cattaneo, A., Cassetta, A., Lamba, D.	1.7	X-RAY DIFFRACTION	0.242	0.196	False	True	IGHV2	IGKV12	Kappa	None	None	None	None	None
6c08	D	E	0	F	protein	NA	sodium-coupled neutral amino acid transporter 9	MEMBRANE PROTEIN	12/28/17	Zebrafish SLC38A9 with arginine bound in the cytosol open state	DANIO RERIO; MUS MUSCULUS	mus musculus	mus musculus	danio rerio	Lei, H.-T., Gonen, T.	3.17	X-RAY DIFFRACTION	0.286	0.267	False	False	unknown	unknown	unknown	None	None	None	None	None
6c08	A	B	0	C	protein	NA	sodium-coupled neutral amino acid transporter 9	MEMBRANE PROTEIN	12/28/17	Zebrafish SLC38A9 with arginine bound in the cytosol open state	DANIO RERIO; MUS MUSCULUS	mus musculus	mus musculus	danio rerio	Lei, H.-T., Gonen, T.	3.17	X-RAY DIFFRACTION	0.286	0.267	False	False	unknown	unknown	unknown	None	None	None	None	None
4f2m	C	D	0	F	protein	NA	spike protein	VIRAL PROTEIN/IMMUNE SYSTEM	05/08/12	Crystal structure of a TGEV coronavirus Spike fragment in complex with the TGEV neutralizing monoclonal antibody 1AF10	TGEV VIRULENT PURDUE; MUS MUSCULUS	mus musculus	mus musculus	tgev virulent purdue	Reguera, J., Santiago, C., Mudgal, G., Ordono, D., Enjuanes, L., Casasnovas, J.M.	3.0	X-RAY DIFFRACTION	0.251	0.216	False	True	IGHV1	IGKV5	Kappa	None	None	None	None	None
4f2m	A	B	0	E	protein	NA	spike protein	VIRAL PROTEIN/IMMUNE SYSTEM	05/08/12	Crystal structure of a TGEV coronavirus Spike fragment in complex with the TGEV neutralizing monoclonal antibody 1AF10	TGEV VIRULENT PURDUE; MUS MUSCULUS	mus musculus	mus musculus	tgev virulent purdue	Reguera, J., Santiago, C., Mudgal, G., Ordono, D., Enjuanes, L., Casasnovas, J.M.	3.0	X-RAY DIFFRACTION	0.251	0.216	False	True	IGHV1	IGKV5	Kappa	None	None	None	None	None
6pis	I	M	0	A	protein	NA	potassium channel subfamily k member 4	ION TRANSPORT, MEMBRANE PROTEIN	06/27/19	Mouse two pore domain K+ channel TRAAK (K2P4.1) - Fab complex structure	MUS MUSCULUS; CRICETULUS MIGRATORIUS	cricetulus migratorius	cricetulus migratorius	mus musculus	Brohawn, S.G.	2.77	X-RAY DIFFRACTION	0.286	0.248	False	False	IGHV3	IGKV22	Kappa	None	None	None	None	None
6pis	H	L	0	B	protein	NA	potassium channel subfamily k member 4	ION TRANSPORT, MEMBRANE PROTEIN	06/27/19	Mouse two pore domain K+ channel TRAAK (K2P4.1) - Fab complex structure	MUS MUSCULUS; CRICETULUS MIGRATORIUS	cricetulus migratorius	cricetulus migratorius	mus musculus	Brohawn, S.G.	2.77	X-RAY DIFFRACTION	0.286	0.248	False	False	IGHV3	IGKV22	Kappa	None	None	None	None	None
4qti	H	L	0	U	protein	NA	urokinase plasminogen activator surface receptor	IMMUNE SYSTEM	07/08/14	Crystal structure of human uPAR in complex with anti-uPAR Fab 8B12	HOMO SAPIENS; MUS MUSCULUS	mus musculus	mus musculus	homo sapiens	Zhao, B., Yuan, C., Luo, Z., Huang, M.	3.0	X-RAY DIFFRACTION	0.296	0.250	False	False	IGHV1	IGKV9	Kappa	None	None	None	None	None
1fn4	D	C	0	NA	NA	NA	NA	IMMUNE SYSTEM	08/21/00	CRYSTAL STRUCTURE OF FAB198, AN EFFICIENT PROTECTOR OF ACETYLCHOLINE RECEPTOR AGAINST MYASTHENOGENIC ANTIBODIES	RATTUS NORVEGICUS	rattus norvegicus	rattus norvegicus		Poulas, K., Eliopoulos, E., Vatzaki, E., Navaza, J., Kontou, M.	2.8	X-RAY DIFFRACTION	0.294	0.198	False	False	IGHV2	IGKV22	Kappa	None	None	None	None	None
1fn4	B	A	0	NA	NA	NA	NA	IMMUNE SYSTEM	08/21/00	CRYSTAL STRUCTURE OF FAB198, AN EFFICIENT PROTECTOR OF ACETYLCHOLINE RECEPTOR AGAINST MYASTHENOGENIC ANTIBODIES	RATTUS NORVEGICUS	rattus norvegicus	rattus norvegicus		Poulas, K., Eliopoulos, E., Vatzaki, E., Navaza, J., Kontou, M.	2.8	X-RAY DIFFRACTION	0.294	0.198	False	False	IGHV2	IGKV22	Kappa	None	None	None	None	None
6ubi	D	E	0	F	peptide	NA	hiv fusion peptide 512-519	IMMUNE SYSTEM/VIRAL PROTEIN	09/11/19	N123-VRC34.05 HIV neutralizing antibody in complex with HIV fusion peptide residue 512-519	HOMO SAPIENS; SYNTHETIC CONSTRUCT	homo sapiens	homo sapiens	human immunodeficiency virus 1	Xu, K., Liu, K., Kwong, P.D.	1.903	X-RAY DIFFRACTION	0.288	0.237	False	True	unknown	IGKV1	Kappa	None	None	None	None	None
6ubi	A	B	0	C	peptide	NA	hiv fusion peptide 512-519	IMMUNE SYSTEM/VIRAL PROTEIN	09/11/19	N123-VRC34.05 HIV neutralizing antibody in complex with HIV fusion peptide residue 512-519	HOMO SAPIENS; SYNTHETIC CONSTRUCT	homo sapiens	homo sapiens	human immunodeficiency virus 1	Xu, K., Liu, K., Kwong, P.D.	1.903	X-RAY DIFFRACTION	0.288	0.237	False	True	unknown	IGKV1	Kappa	None	None	None	None	None
6h5n	C	B	0	A	protein	NA	gametocyte surface protein p45/48	CELL INVASION	07/25/18	Plasmodium falciparum Pfs48/45 C-terminal domain bound to monoclonal antibody 85RF45.1	PLASMODIUM FALCIPARUM; RATTUS NORVEGICUS	rattus norvegicus	rattus norvegicus	plasmodium falciparum	Lennartz, F., Higgins, M.K.	3.23	X-RAY DIFFRACTION	0.282	0.261	False	True	IGHV5	IGLV3	Lambda	None	None	None	None	None
6h5n	F	E	0	D	protein	NA	gametocyte surface protein p45/48	CELL INVASION	07/25/18	Plasmodium falciparum Pfs48/45 C-terminal domain bound to monoclonal antibody 85RF45.1	PLASMODIUM FALCIPARUM; RATTUS NORVEGICUS	rattus norvegicus	rattus norvegicus	plasmodium falciparum	Lennartz, F., Higgins, M.K.	3.23	X-RAY DIFFRACTION	0.282	0.261	False	True	IGHV5	IGLV3	Lambda	None	None	None	None	None
1qfw	I	M	0	B	protein	NA	gonadotrophin beta subunit	IMMUNE SYSTEM	04/15/99	TERNARY COMPLEX OF HUMAN CHORIONIC GONADOTROPIN WITH FV ANTI ALPHA SUBUNIT AND FV ANTI BETA SUBUNIT	MUS MUSCULUS; HOMO SAPIENS	mus musculus	mus musculus	homo sapiens	Tegoni, M., Spinelli, S., Cambillau, C.	3.5	X-RAY DIFFRACTION	0.310	0.260	False	True	IGHV5	IGKV6	Kappa	None	None	None	None	None
1qfw	H	L	0	A	protein	NA	gonadotropin alpha subunit	IMMUNE SYSTEM	04/15/99	TERNARY COMPLEX OF HUMAN CHORIONIC GONADOTROPIN WITH FV ANTI ALPHA SUBUNIT AND FV ANTI BETA SUBUNIT	MUS MUSCULUS; HOMO SAPIENS	mus musculus	mus musculus	homo sapiens	Tegoni, M., Spinelli, S., Cambillau, C.	3.5	X-RAY DIFFRACTION	0.310	0.260	False	True	IGHV1	IGKV3	Kappa	None	None	None	None	None
2qsc	H	L	0	P	peptide	NA	envelope glycoprotein gp120	immune system	07/30/07	Crystal structure analysis of anti-HIV-1 V3-Fab F425-B4e8 in complex with a V3-peptide	HOMO SAPIENS; SYNTHETIC CONSTRUCT	homo sapiens	homo sapiens		Bell, C.H., Schiefner, A., Stanfield, R.L., Wilson, I.A.	2.8	X-RAY DIFFRACTION	0.264	0.219	False	True	IGHV3	IGKV1	Kappa	None	None	None	None	None
6nnf	H	L	0	G	protein	NA	envelope glycoprotein gp120	IMMUNE SYSTEM	01/14/19	Crystal Structure of HIV-1 BG505 SOSIP.664 Prefusion Env Trimer Bound to VRC01 FR3-03 scFv in Complex with Crystallization Chaperones 3H109L Fab and 35O22 scFv at 3.5 Angstrom	HUMAN IMMUNODEFICIENCY VIRUS 1; HOMO SAPIENS	homo sapiens	homo sapiens	human immunodeficiency virus 1	Lai, Y.-T., Kwong, P.D.	2.762	X-RAY DIFFRACTION	0.298	0.242	False	True	IGHV4	unknown	unknown	None	None	None	None	None
6nnf	D	E	0	B	protein	NA	envelope glycoprotein gp41	IMMUNE SYSTEM	01/14/19	Crystal Structure of HIV-1 BG505 SOSIP.664 Prefusion Env Trimer Bound to VRC01 FR3-03 scFv in Complex with Crystallization Chaperones 3H109L Fab and 35O22 scFv at 3.5 Angstrom	HUMAN IMMUNODEFICIENCY VIRUS 1; HOMO SAPIENS	homo sapiens	homo sapiens	human immunodeficiency virus 1	Lai, Y.-T., Kwong, P.D.	2.762	X-RAY DIFFRACTION	0.298	0.242	False	True	unknown	unknown	unknown	None	None	None	None	None
6nnf	U	V	0	G	protein	NA	envelope glycoprotein gp120	IMMUNE SYSTEM	01/14/19	Crystal Structure of HIV-1 BG505 SOSIP.664 Prefusion Env Trimer Bound to VRC01 FR3-03 scFv in Complex with Crystallization Chaperones 3H109L Fab and 35O22 scFv at 3.5 Angstrom	HUMAN IMMUNODEFICIENCY VIRUS 1; HOMO SAPIENS	homo sapiens	homo sapiens	human immunodeficiency virus 1	Lai, Y.-T., Kwong, P.D.	2.762	X-RAY DIFFRACTION	0.298	0.242	False	True	unknown	unknown	unknown	None	None	None	None	None
8xx0	H	L	0	H	carbohydrate	BOG	B-OCTYLGLUCOSIDE	IMMUNE SYSTEM	07/31/24	Crystal structure of anti-IgE antibody HMK-12 Fab complexed with IgE F(ab')2	Mus; Rattus	rattus	rattus	rattus	Hirano, T., Koyanagi, A., Kasai, M., Okumura, K.	2.9	X-RAY DIFFRACTION	0.267	0.225	False	False	IGHV3	IGKV16	Kappa	None	None	None	None	None
8xx0	A	B	0	NA	NA	NA	NA	IMMUNE SYSTEM	07/31/24	Crystal structure of anti-IgE antibody HMK-12 Fab complexed with IgE F(ab')2	Mus; Rattus	mus	mus		Hirano, T., Koyanagi, A., Kasai, M., Okumura, K.	2.9	X-RAY DIFFRACTION	0.267	0.225	False	False	IGHV1	unknown	unknown	None	None	None	None	None
8fax	A	B	0	L	peptide	NA	spike glycoprotein	IMMUNE SYSTEM/VIRAL PROTEIN	05/03/23	Fab 1249A8-MERS Stem Helix Complex	Homo sapiens; SYNTHETIC CONSTRUCT	homo sapiens	homo sapiens	middle east respiratory syndrome-relatedcoronavirus 	Deshpande, A., Schormann, N., Piepenbrink, M.S., Martinez-Sobrido, L., Kobie, J.J., Walter, M.R.	2.1	X-RAY DIFFRACTION	0.240	0.182	False	True	IGHV1	IGKV3	Kappa	None	None	None	None	None
7aj6	H	L	0	NA	NA	NA	NA	IMMUNE SYSTEM	09/28/20	LN02 Fab	HOMO SAPIENS	homo sapiens	homo sapiens		Caillat, C., Fenwick, G., Pantaleo, G., Weissenhorn, W.	1.9	X-RAY DIFFRACTION	0.214	0.177	False	True	unknown	unknown	unknown	None	None	None	None	None
7bm5	F	E	0	NA	NA	NA	NA	IMMUNE SYSTEM	01/19/21	Crystal structure of Fab1, the Fab fragment of the anti-BamA monoclonal antibody MAB1	HOMO SAPIENS	homo sapiens	homo sapiens		White, P., Storek, K.M., Rutherford, S.T., Radford, S.E.	2.95	X-RAY DIFFRACTION	0.290	0.257	False	True	IGHV5	IGKV12	Kappa	None	None	None	None	None
7bm5	B	A	0	NA	NA	NA	NA	IMMUNE SYSTEM	01/19/21	Crystal structure of Fab1, the Fab fragment of the anti-BamA monoclonal antibody MAB1	HOMO SAPIENS	homo sapiens	homo sapiens		White, P., Storek, K.M., Rutherford, S.T., Radford, S.E.	2.95	X-RAY DIFFRACTION	0.290	0.257	False	True	IGHV5	IGKV12	Kappa	None	None	None	None	None
7bm5	D	C	0	NA	NA	NA	NA	IMMUNE SYSTEM	01/19/21	Crystal structure of Fab1, the Fab fragment of the anti-BamA monoclonal antibody MAB1	HOMO SAPIENS	homo sapiens	homo sapiens		White, P., Storek, K.M., Rutherford, S.T., Radford, S.E.	2.95	X-RAY DIFFRACTION	0.290	0.257	False	True	IGHV5	IGKV12	Kappa	None	None	None	None	None
7bm5	K	J	0	NA	NA	NA	NA	IMMUNE SYSTEM	01/19/21	Crystal structure of Fab1, the Fab fragment of the anti-BamA monoclonal antibody MAB1	HOMO SAPIENS	homo sapiens	homo sapiens		White, P., Storek, K.M., Rutherford, S.T., Radford, S.E.	2.95	X-RAY DIFFRACTION	0.290	0.257	False	True	IGHV5	IGKV12	Kappa	None	None	None	None	None
7bm5	H	L	0	NA	NA	NA	NA	IMMUNE SYSTEM	01/19/21	Crystal structure of Fab1, the Fab fragment of the anti-BamA monoclonal antibody MAB1	HOMO SAPIENS	homo sapiens	homo sapiens		White, P., Storek, K.M., Rutherford, S.T., Radford, S.E.	2.95	X-RAY DIFFRACTION	0.290	0.257	False	True	IGHV5	IGKV12	Kappa	None	None	None	None	None
7bm5	I	G	0	NA	NA	NA	NA	IMMUNE SYSTEM	01/19/21	Crystal structure of Fab1, the Fab fragment of the anti-BamA monoclonal antibody MAB1	HOMO SAPIENS	homo sapiens	homo sapiens		White, P., Storek, K.M., Rutherford, S.T., Radford, S.E.	2.95	X-RAY DIFFRACTION	0.290	0.257	False	True	IGHV5	IGKV12	Kappa	None	None	None	None	None
4uao	C	B	0	A	protein	NA	apical merozoite antigen 1	CELL INVASION	08/11/14	Crystal structure of Apical Membrane Antigen 1 from Plasmodium Knowlesi in complex with an invasion inhibitory antibody	PLASMODIUM KNOWLESI; RATTUS NORVEGICUS	rattus norvegicus	rattus norvegicus	plasmodium knowlesi	Vulliez-Le Normand, B., Saul, F.A., Bentley, G.A.	3.1	X-RAY DIFFRACTION	0.266	0.188	False	False	IGHV5	IGKV14	Kappa	None	None	None	None	None
4rx4	H	L	0	G	protein	NA	hiv-1 clade a q842.d12 gp120	VIRAL PROTEIN/IMMUNE SYSTEM	12/08/14	Crystal structure of VH1-46 germline-derived CD4-binding site-directed antibody 8ANC134 in complex with HIV-1 clade A Q842.d12 gp120	HOMO SAPIENS; HUMAN IMMUNODEFICIENCY VIRUS 1	homo sapiens	homo sapiens	human immunodeficiency virus 1	Zhou, T., Acharya, P., Moquin, S., Kwong, P.D.	3.45	X-RAY DIFFRACTION	0.253	0.208	False	True	unknown	IGKV3	Kappa	None	None	None	None	None
4rx4	A	D	0	E	protein	NA	hiv-1 clade a q842.d12 gp120	VIRAL PROTEIN/IMMUNE SYSTEM	12/08/14	Crystal structure of VH1-46 germline-derived CD4-binding site-directed antibody 8ANC134 in complex with HIV-1 clade A Q842.d12 gp120	HOMO SAPIENS; HUMAN IMMUNODEFICIENCY VIRUS 1	homo sapiens	homo sapiens	human immunodeficiency virus 1	Zhou, T., Acharya, P., Moquin, S., Kwong, P.D.	3.45	X-RAY DIFFRACTION	0.253	0.208	False	True	unknown	IGKV3	Kappa	None	None	None	None	None
4lvn	C	B	0	A	protein	NA	subtilisin-like serine protease	hydrolase/inhibitor/immune system	07/26/13	Crystal structure of PfSUB1-prodomain-NIMP.M7 Fab complex	PLASMODIUM FALCIPARUM; MUS MUSCULUS	mus musculus	mus musculus	plasmodium falciparum	Withers-Martinez, C., Blackman, M.J.	2.25	X-RAY DIFFRACTION	0.237	0.195	False	False	IGHV3	IGKV4	Kappa	None	None	None	None	None
7dr4	C	D	0	NA	NA	NA	NA	IMMUNE SYSTEM	12/25/20	Complex of anti-human IL-2 antibody and human IL-2	MUS MUSCULUS; HOMO SAPIENS	mus musculus	mus musculus		Kim, M.S., Kim, J.E.	2.49	X-RAY DIFFRACTION	0.258	0.195	False	True	IGHV1	IGKV17	Kappa	None	None	None	None	None
7dr4	E	F	0	NA	NA	NA	NA	IMMUNE SYSTEM	12/25/20	Complex of anti-human IL-2 antibody and human IL-2	MUS MUSCULUS; HOMO SAPIENS	mus musculus	mus musculus		Kim, M.S., Kim, J.E.	2.49	X-RAY DIFFRACTION	0.258	0.195	False	True	IGHV1	IGKV17	Kappa	None	None	None	None	None
7dr4	H	L	0	K	protein	NA	interleukin-2	IMMUNE SYSTEM	12/25/20	Complex of anti-human IL-2 antibody and human IL-2	MUS MUSCULUS; HOMO SAPIENS	mus musculus	mus musculus	homo sapiens	Kim, M.S., Kim, J.E.	2.49	X-RAY DIFFRACTION	0.258	0.195	False	True	IGHV1	IGKV17	Kappa	None	None	None	None	None
7dr4	A	B	0	J	protein	NA	interleukin-2	IMMUNE SYSTEM	12/25/20	Complex of anti-human IL-2 antibody and human IL-2	MUS MUSCULUS; HOMO SAPIENS	mus musculus	mus musculus	homo sapiens	Kim, M.S., Kim, J.E.	2.49	X-RAY DIFFRACTION	0.258	0.195	False	True	IGHV1	IGKV17	Kappa	None	None	None	None	None
6vrt	H	L	0	NA	NA	NA	NA	IMMUNE SYSTEM	02/09/20	LT1009 humanized antibody Fab fragment in complex with calcium	MUS MUSCULUS	mus musculus	mus musculus		Fleming, J.K., Huxford, T.	2.555	X-RAY DIFFRACTION	0.260	0.209	False	True	IGHV5	IGKV17	Kappa	None	None	None	None	None
1c12	B	A	0	A	Hapten	TRZ	TRAZEOLIDE	IMMUNE SYSTEM	07/20/99	INSIGHT IN ODORANT PERCEPTION: THE CRYSTAL STRUCTURE AND BINDING CHARACTERISTICS OF ANTIBODY FRAGMENTS DIRECTED AGAINST THE MUSK ODORANT TRASEOLIDE	MUS MUSCULUS	mus musculus	mus musculus	mus musculus	Langedijk, A.C., Spinelli, S., Anguille, C., Hermans, P., Nederlof, J., Butenandt, J., Honegger, A., Cambillau, C., Pluckthun, A.	2.6	X-RAY DIFFRACTION	0.270	0.205	False	True	IGHV3	IGKV14	Kappa	1.90E-09	-11.57	Other	17	10525411
7lf8	H	L	0	A	protein	NA	apolipoprotein l2	IMMUNE SYSTEM	01/15/21	Fab 6D12 bound to ApoL2 NTD	HOMO SAPIENS	homo sapiens	homo sapiens	homo sapiens	Ultsch, M., Kirchhofer, D.	2.15	X-RAY DIFFRACTION	0.230	0.192	False	True	IGHV5	IGKV16	Kappa	None	None	None	None	None
5b3j	H	L	0	D	protein	NA	glutamate receptor ionotropic, nmda 2b	TRANSPORT PROTEIN	03/01/16	Activation of NMDA receptors and the mechanism of inhibition by ifenprodil	XENOPUS LAEVIS; RATTUS NORVEGICUS; MUS MUSCULUS	mus musculus	mus musculus	rattus norvegicus	Tajima, N., Karakas, E., Grant, T., Simorowski, N., Diaz-Avalos, R., Grigorieff, N., Furukawa, H.	2.9	X-RAY DIFFRACTION	0.302	0.273	False	False	IGHV5	IGKV19	Kappa	None	None	None	None	None
5b3j	E	F	0	C	protein	NA	glutamate receptor ionotropic, nmda 2b	TRANSPORT PROTEIN	03/01/16	Activation of NMDA receptors and the mechanism of inhibition by ifenprodil	XENOPUS LAEVIS; RATTUS NORVEGICUS; MUS MUSCULUS	mus musculus	mus musculus	rattus norvegicus	Tajima, N., Karakas, E., Grant, T., Simorowski, N., Diaz-Avalos, R., Grigorieff, N., Furukawa, H.	2.9	X-RAY DIFFRACTION	0.302	0.273	False	False	IGHV5	IGKV19	Kappa	None	None	None	None	None
6gff	N	M	0	J | G | H	protein | protein | protein	NA | NA | NA	leucine-rich repeat-containing protein 32 | transforming growth factor beta-1 | transforming growth factor beta-1	IMMUNE SYSTEM	04/30/18	Structure of GARP (LRRC32) in complex with latent TGF-beta1 and MHG-8 Fab	HOMO SAPIENS; MUS MUSCULUS	mus musculus	mus musculus	homo sapiens | homo sapiens | homo sapiens	Merceron, R., Lienart, S., Vanderaa, C., Colau, D., Stockis, J., Van Der Woning, B., De Haard, H., Saunders, M., Coulie, P.G., Savvides, S.N., Lucas, S.	3.1	X-RAY DIFFRACTION	0.268	0.233	False	False	IGHV2	IGKV13	Kappa	None	None	None	None	None
6gff	L	K	0	I | C | D	protein | protein | protein	NA | NA | NA	leucine-rich repeat-containing protein 32 | transforming growth factor beta-1 | transforming growth factor beta-1	IMMUNE SYSTEM	04/30/18	Structure of GARP (LRRC32) in complex with latent TGF-beta1 and MHG-8 Fab	HOMO SAPIENS; MUS MUSCULUS	mus musculus	mus musculus	homo sapiens | homo sapiens | homo sapiens	Merceron, R., Lienart, S., Vanderaa, C., Colau, D., Stockis, J., Van Der Woning, B., De Haard, H., Saunders, M., Coulie, P.G., Savvides, S.N., Lucas, S.	3.1	X-RAY DIFFRACTION	0.268	0.233	False	False	IGHV2	IGKV13	Kappa	None	None	None	None	None
5f9o	H	L	0	G	protein	NA	clade a/e 93th057 hiv-1 gp120 core	IMMUNE SYSTEM	12/10/15	Crystal structure of broadly neutralizing VH1-46 germline-derived CD4-binding site-directed antibody CH235.09 in complex with HIV-1 clade A/E 93TH057 gp120	HUMAN IMMUNODEFICIENCY VIRUS 1; HOMO SAPIENS	homo sapiens	homo sapiens	human immunodeficiency virus 1	Joyce, M.G., Mascola, J.R., Kwong, P.D.	1.86	X-RAY DIFFRACTION	0.221	0.204	False	True	IGHV1	IGKV3	Kappa	None	None	None	None	None
4hs6	B	A	0	Z	peptide	NA	e2-peptide	IMMUNE SYSTEM	10/29/12	Hepatitus C envelope glycoprotein E2 fragment 412-423 with humanized and affinity-matured antibody MRCT10.v362	HOMO SAPIENS; SYNTHETIC CONSTRUCT	homo sapiens	homo sapiens	hepatitis c virus	Eigenbrot, C., Ultsch, M.	1.53	X-RAY DIFFRACTION	0.200	0.175	False	True	IGHV4	IGKV1	Kappa	None	None	None	None	None
4hs6	H	L	0	Y	peptide	NA	e2-peptide	IMMUNE SYSTEM	10/29/12	Hepatitus C envelope glycoprotein E2 fragment 412-423 with humanized and affinity-matured antibody MRCT10.v362	HOMO SAPIENS; SYNTHETIC CONSTRUCT	homo sapiens	homo sapiens	hepatitis c virus	Eigenbrot, C., Ultsch, M.	1.53	X-RAY DIFFRACTION	0.200	0.175	False	True	IGHV4	IGKV1	Kappa	None	None	None	None	None
9ggp	H	L	0	A	protein	NA	alpha-1-antitrypsin	PROTEIN BINDING	05/14/25	Alpha-1-antitrypsin in complex with the Fab fragment of an anti-polymer antibody	Homo sapiens; Mus musculus	mus musculus	mus musculus	homo sapiens	Lowen, S.M., Laffranchi, M., Lomas, D.A., Irving, J.A.	1.84	X-RAY DIFFRACTION	0.206	0.173	False	True	IGHV2	IGKV19	Kappa	None	None	None	None	None
9gp2	H	L	0	NA	NA	NA	NA	ANTITUMOR PROTEIN	09/25/24	apoJ22.9 Unliganded structure of an Fab fragment from the therapeutic antibody J22.9-xi	Mus musculus	mus musculus	mus musculus		Marino, S.F., Daumke, O.	1.97	X-RAY DIFFRACTION	0.202	0.162	False	True	IGHV4	IGKV6	Kappa	None	None	None	None	None
8euq	C	D	0	A | B	protein | protein	NA | NA	hla class ii histocompatibility antigen, dr alpha chain | hemagglutinin ha1 chain,hla class ii histocompatibilityantigen dr beta chain 	IMMUNE SYSTEM	04/19/23	Crystal structure of HLA-DRA*01:01/HLA-DRB1*04:01 in complex with c44H10 Fab	Homo sapiens; Influenza A virus	homo sapiens	homo sapiens	homo sapiens | influenza a virus, homo sapiens	Kassardjian, A., Julien, J.-P.	3.09	X-RAY DIFFRACTION	0.244	0.200	False	True	IGHV2	IGKV9	Kappa	None	None	None	None	None
8euq	I	H	0	F | G	protein | protein	NA | NA	hla class ii histocompatibility antigen, dr alpha chain | hemagglutinin ha1 chain,hla class ii histocompatibilityantigen dr beta chain 	IMMUNE SYSTEM	04/19/23	Crystal structure of HLA-DRA*01:01/HLA-DRB1*04:01 in complex with c44H10 Fab	Homo sapiens; Influenza A virus	homo sapiens	homo sapiens	homo sapiens | influenza a virus, homo sapiens	Kassardjian, A., Julien, J.-P.	3.09	X-RAY DIFFRACTION	0.244	0.200	False	True	IGHV2	IGKV9	Kappa	None	None	None	None	None
6adc	E	F	0	B	protein	NA	h(+)/cl(-) exchange transporter clca	TRANSPORT PROTEIN	07/31/18	Crystal structure of the E148A mutant CLC-ec1 in the presence of 50mM bromoacetate	ESCHERICHIA COLI (STRAIN K12); MUS MUSCULUS	mus musculus	mus musculus	escherichia coli (strain k12)	Lim, H.-H., Park, K.	3.055	X-RAY DIFFRACTION	0.275	0.226	False	False	IGHV4	IGKV4	Kappa	None	None	None	None	None
6adc	C	D	0	A	protein	NA	h(+)/cl(-) exchange transporter clca	TRANSPORT PROTEIN	07/31/18	Crystal structure of the E148A mutant CLC-ec1 in the presence of 50mM bromoacetate	ESCHERICHIA COLI (STRAIN K12); MUS MUSCULUS	mus musculus	mus musculus	escherichia coli (strain k12)	Lim, H.-H., Park, K.	3.055	X-RAY DIFFRACTION	0.275	0.226	False	False	IGHV4	IGKV4	Kappa	None	None	None	None	None
4qhm	C	D	0	NA	NA	NA	NA	IMMUNE SYSTEM	05/28/14	I3.1 (unbound) from CH103 Lineage	HOMO SAPIENS	homo sapiens	homo sapiens		Fera, D., Harrison, S.C.	3.23	X-RAY DIFFRACTION	0.251	0.224	False	True	IGHV4	IGLV3	Lambda	None	None	None	None	None
4qhm	A	B	0	NA	NA	NA	NA	IMMUNE SYSTEM	05/28/14	I3.1 (unbound) from CH103 Lineage	HOMO SAPIENS	homo sapiens	homo sapiens		Fera, D., Harrison, S.C.	3.23	X-RAY DIFFRACTION	0.251	0.224	False	True	IGHV4	IGLV3	Lambda	None	None	None	None	None
4qhm	G	H	0	NA	NA	NA	NA	IMMUNE SYSTEM	05/28/14	I3.1 (unbound) from CH103 Lineage	HOMO SAPIENS	homo sapiens	homo sapiens		Fera, D., Harrison, S.C.	3.23	X-RAY DIFFRACTION	0.251	0.224	False	True	IGHV4	IGLV3	Lambda	None	None	None	None	None
4qhm	E	F	0	NA	NA	NA	NA	IMMUNE SYSTEM	05/28/14	I3.1 (unbound) from CH103 Lineage	HOMO SAPIENS	homo sapiens	homo sapiens		Fera, D., Harrison, S.C.	3.23	X-RAY DIFFRACTION	0.251	0.224	False	True	IGHV4	IGLV3	Lambda	None	None	None	None	None
6cf2	A	B	0	F | G	protein | nucleic-acid	NA | NA	protein rev | rna (35-mer)	RNA BINDING PROTEIN/RNA	02/13/18	Crystal structure of HIV-1 Rev (residues 1-93)-RNA aptamer complex	ORYCTOLAGUS CUNICULUS; HUMAN IMMUNODEFICIENCY VIRUS 1; SYNTHETIC CONSTRUCT	oryctolagus cuniculus	oryctolagus cuniculus	human immunodeficiency virus 1 | synthetic construct	Eren, E., Dearborn, A.D., Wingfield, P.T.	3.0	X-RAY DIFFRACTION	0.241	0.208	False	True	IGHV1	IGKV1	Kappa	None	None	None	None	None
6ugs	H	L	0	NA	NA	NA	NA	IMMUNE SYSTEM	09/26/19	Crystal structure of the Fab fragment of PF06438179/GP1111 an infliximab biosimilar in a C-centered orthorhombic crystal form, Lot A	HOMO SAPIENS	homo sapiens	homo sapiens		Lerch, T.F., Sharpe, P., Mayclin, S.J., Edwards, T.E., Polleck, S., Rouse, J.C., Conlan, H.	1.95	X-RAY DIFFRACTION	0.198	0.159	False	True	IGHV6	IGKV5	Kappa	None	None	None	None	None
6ugs	A	B	0	NA	NA	NA	NA	IMMUNE SYSTEM	09/26/19	Crystal structure of the Fab fragment of PF06438179/GP1111 an infliximab biosimilar in a C-centered orthorhombic crystal form, Lot A	HOMO SAPIENS	homo sapiens	homo sapiens		Lerch, T.F., Sharpe, P., Mayclin, S.J., Edwards, T.E., Polleck, S., Rouse, J.C., Conlan, H.	1.95	X-RAY DIFFRACTION	0.198	0.159	False	True	IGHV6	IGKV5	Kappa	None	None	None	None	None
1nfd	H	G	0	D	protein	NA	n15 alpha-beta t-cell receptor	COMPLEX (IMMUNORECEPTOR/IMMUNOGLOBULIN)	08/04/97	AN ALPHA-BETA T CELL RECEPTOR (TCR) HETERODIMER IN COMPLEX WITH AN ANTI-TCR FAB FRAGMENT DERIVED FROM A MITOGENIC ANTIBODY	MUS MUSCULUS	mus musculus	mus musculus	mus musculus	Wang, J.-H., Lim, K., Smolyar, A., Teng, M.-K., Sacchittini, J., Reinherz, E.L.	2.8	X-RAY DIFFRACTION	0.309	0.243	False	True	IGHV3	IGLV2	Lambda	None	None	None	None	None
1nfd	F	E	0	B	protein	NA	n15 alpha-beta t-cell receptor	COMPLEX (IMMUNORECEPTOR/IMMUNOGLOBULIN)	08/04/97	AN ALPHA-BETA T CELL RECEPTOR (TCR) HETERODIMER IN COMPLEX WITH AN ANTI-TCR FAB FRAGMENT DERIVED FROM A MITOGENIC ANTIBODY	MUS MUSCULUS	mus musculus	mus musculus	mus musculus	Wang, J.-H., Lim, K., Smolyar, A., Teng, M.-K., Sacchittini, J., Reinherz, E.L.	2.8	X-RAY DIFFRACTION	0.309	0.243	False	True	IGHV3	IGLV2	Lambda	None	None	None	None	None
7s11	K	O	0	F	protein	NA	t-cell surface protein tactile	IMMUNE SYSTEM	08/31/21	Crystal structure of Fab in complex with mouse CD96 monomer	MUS MUSCULUS; RATTUS	rattus	rattus	mus musculus	Lee, P.S., Chau, B., Strop, P.	2.58	X-RAY DIFFRACTION	0.279	0.226	False	True	IGHV2	IGLV1	Lambda	None	None	None	None	None
7s11	J	N	0	E	protein	NA	t-cell surface protein tactile	IMMUNE SYSTEM	08/31/21	Crystal structure of Fab in complex with mouse CD96 monomer	MUS MUSCULUS; RATTUS	rattus	rattus	mus musculus	Lee, P.S., Chau, B., Strop, P.	2.58	X-RAY DIFFRACTION	0.279	0.226	False	True	IGHV2	IGLV1	Lambda	None	None	None	None	None
7s11	H	L	0	C	protein	NA	t-cell surface protein tactile	IMMUNE SYSTEM	08/31/21	Crystal structure of Fab in complex with mouse CD96 monomer	MUS MUSCULUS; RATTUS	rattus	rattus	mus musculus	Lee, P.S., Chau, B., Strop, P.	2.58	X-RAY DIFFRACTION	0.279	0.226	False	True	IGHV2	IGLV1	Lambda	None	None	None	None	None
7s11	I	M	0	D	protein	NA	t-cell surface protein tactile	IMMUNE SYSTEM	08/31/21	Crystal structure of Fab in complex with mouse CD96 monomer	MUS MUSCULUS; RATTUS	rattus	rattus	mus musculus	Lee, P.S., Chau, B., Strop, P.	2.58	X-RAY DIFFRACTION	0.279	0.226	False	True	IGHV2	IGLV1	Lambda	None	None	None	None	None
1osp	H	L	0	O	protein	NA	outer surface protein a	COMPLEX (IMMUNOGLOBULIN/LIPOPROTEIN)	11/23/96	CRYSTAL STRUCTURE OF OUTER SURFACE PROTEIN A OF BORRELIA BURGDORFERI COMPLEXED WITH A MURINE MONOCLONAL ANTIBODY FAB	BORRELIA BURGDORFERI; MUS MUSCULUS	mus musculus	mus musculus	borrelia burgdorferi	Li, H., Lawson, C.L.	1.95	X-RAY DIFFRACTION	0.295	0.229	False	False	IGHV3	IGKV13	Kappa	None	None	None	None	None
6u6u	H	L	0	R	protein	NA	interleukin-1 receptor-like 2	CYTOKINE	08/30/19	IL36R extracellular domain in complex with BI655130 Fab	HOMO SAPIENS	homo sapiens	homo sapiens	homo sapiens	Larson, E.T., Farrow, N.A.	2.31	X-RAY DIFFRACTION	0.202	0.179	False	True	IGHV1	IGKV3	Kappa	None	None	None	None	None
8z2v	H	L	0	A	protein	NA	sonic hedgehog protein n-product	IMMUNE SYSTEM	04/16/25	Crystal structure of Sonic hedgehog in complex with antibody 5E1 mutant H-R102A with metals	Homo sapiens	homo sapiens	homo sapiens	homo sapiens	Caaveiro, J.M.M., Kaneda, I., Tsumoto, K.	1.89	X-RAY DIFFRACTION	0.225	0.186	False	True	IGHV1	IGKV6	Kappa	None	None	None	None	None
3sge	J	I	0	M	peptide	NA	r13 peptide	IMMUNE SYSTEM	06/14/11	Crystal structure of mAb 17.2 in complex with R13 peptide	MUS MUSCULUS; SYNTHETIC CONSTRUCT	mus musculus	mus musculus		Pizarro, J.C., Boulot, G., Hontebeyrie, M., Bentley, G.A.	1.89	X-RAY DIFFRACTION	0.211	0.179	False	True	IGHV10	IGKV1	Kappa	None	None	None	None	None
3sge	H	L	0	K	peptide	NA	r13 peptide	IMMUNE SYSTEM	06/14/11	Crystal structure of mAb 17.2 in complex with R13 peptide	MUS MUSCULUS; SYNTHETIC CONSTRUCT	mus musculus	mus musculus		Pizarro, J.C., Boulot, G., Hontebeyrie, M., Bentley, G.A.	1.89	X-RAY DIFFRACTION	0.211	0.179	False	True	IGHV10	IGKV1	Kappa	None	None	None	None	None
7jkt	H	L	0	G	protein	NA	hiv-1 gp120 core from strain d45-01dg5	Viral Protein/Immune System	07/28/20	Crystal structure of vaccine-elicited broadly neutralizing VRC01-class antibody 2413a in complex with HIV-1 gp120 core	HUMAN IMMUNODEFICIENCY VIRUS 1; MUS MUSCULUS	mus musculus	mus musculus	human immunodeficiency virus 1	Zhou, T., Chen, X., Kwong, P.D., Mascola, J.R.	2.75	X-RAY DIFFRACTION	0.252	0.197	False	True	IGHV1	IGKV3	Kappa	None	None	None	None	None
3mnv	D	C	0	NA	NA	NA	NA	IMMUNE SYSTEM	04/22/10	Crystal structure of the non-neutralizing HIV antibody 13H11 Fab fragment	MUS MUSCULUS,HOMO SAPIENS	mus musculus,homo sapiens	mus musculus,homo sapiens		Nicely, N.I., Dennison, S.M., Kelsoe, G., Liao, H.-X., Alam, S.M., Haynes, B.F.	2.4	X-RAY DIFFRACTION	0.228	0.181	False	True	IGHV9	IGKV8	Kappa	None	None	None	None	None
3mnv	B	A	0	NA	NA	NA	NA	IMMUNE SYSTEM	04/22/10	Crystal structure of the non-neutralizing HIV antibody 13H11 Fab fragment	MUS MUSCULUS,HOMO SAPIENS	mus musculus,homo sapiens	mus musculus,homo sapiens		Nicely, N.I., Dennison, S.M., Kelsoe, G., Liao, H.-X., Alam, S.M., Haynes, B.F.	2.4	X-RAY DIFFRACTION	0.228	0.181	False	True	IGHV9	IGKV8	Kappa	None	None	None	None	None
7mfr	Y	X	0	Q	peptide	NA	gly-gly-met	IMMUNE SYSTEM	04/10/21	Crystal Structure of a Fab fragment bound to peptide GGM	ORYCTOLAGUS CUNICULUS; SYNTHETIC CONSTRUCT	oryctolagus cuniculus	oryctolagus cuniculus	homo sapiens	Sudhamsu, J.	2.848	X-RAY DIFFRACTION	0.260	0.211	False	True	IGHV1	IGKV1	Kappa	None	None	None	None	None
7mfr	B	A	0	P	peptide	NA	gly-gly-met	IMMUNE SYSTEM	04/10/21	Crystal Structure of a Fab fragment bound to peptide GGM	ORYCTOLAGUS CUNICULUS; SYNTHETIC CONSTRUCT	oryctolagus cuniculus	oryctolagus cuniculus	homo sapiens	Sudhamsu, J.	2.848	X-RAY DIFFRACTION	0.260	0.211	False	True	IGHV1	IGKV1	Kappa	None	None	None	None	None
6bck	H	L	0	G	protein	NA	clade a/e 93th057 hiv-1 gp120 core	VIRAL PROTEIN/IMMUNE SYSTEM	10/20/17	Crystal Structure of Broadly Neutralizing Antibody N49P7 in Complex with HIV-1 Clade AE strain 93TH057 gp120 core.	HUMAN IMMUNODEFICIENCY VIRUS 1; HOMO SAPIENS	homo sapiens	homo sapiens	human immunodeficiency virus 1	Tolbert, W.D., Gohain, N., Pazgier, M.	2.7	X-RAY DIFFRACTION	0.285	0.225	False	True	unknown	IGLV2	Lambda	None	None	None	None	None
1i8i	B	A	0	C	peptide	NA	epidermal growth factor receptor, egfrviiipeptide antigen 	IMMUNE SYSTEM	03/14/01	CRYSTAL STRUCTURE OF DSFV MR1 IN COMPLEX WITH THE PEPTIDE ANTIGEN OF THE MUTANT EPIDERMAL GROWTH FACTOR RECEPTOR, EGFRVIII, AT ROOM TEMPERATURE	MUS MUSCULUS; SYNTHETIC CONSTRUCT	mus musculus	mus musculus		Landry, R.C., Klimowicz, A.C., Lavictoire, S.J., Borisova, S., Kottachchi, D.T., Lorimer, I.A., Evans, S.V.	2.4	X-RAY DIFFRACTION	0.262	0.156	False	True	IGHV5	IGKV17	Kappa	None	None	None	None	None
5tr8	H	L	0	NA	NA	NA	NA	IMMUNE SYSTEM	10/25/16	Crystal structure of vaccine-elicited pan- influenza H1N1 neutralizing murine antibody 441D6.	MUS; MUS MUSCULUS	mus, mus musculus	mus, mus musculus		Joyce, M.G., Kanekiyo, M., Mascola, J.R., Graham, B.S., Kwong, P.D.	2.01	X-RAY DIFFRACTION	0.198	0.174	False	True	IGHV5	IGKV14	Kappa	None	None	None	None	None
7c4s	J	K	0	B	protein	NA	sphingosine 1-phosphate receptor 3	MEMBRANE PROTEIN	05/18/20	Sphingosine-1-phosphate receptor 3 with a natural ligand.	HOMO SAPIENS; MUS MUSCULUS	mus musculus	mus musculus	homo sapiens	Iwata, S., Maeda, S., Luo, F., Nango, E., hirata, K., Asada, H.	3.2	X-RAY DIFFRACTION	0.263	0.242	False	False	IGHV1	IGKV6	Kappa	None	None	None	None	None
7c4s	H	L	0	A	protein	NA	sphingosine 1-phosphate receptor 3	MEMBRANE PROTEIN	05/18/20	Sphingosine-1-phosphate receptor 3 with a natural ligand.	HOMO SAPIENS; MUS MUSCULUS	mus musculus	mus musculus	homo sapiens	Iwata, S., Maeda, S., Luo, F., Nango, E., hirata, K., Asada, H.	3.2	X-RAY DIFFRACTION	0.263	0.242	False	False	IGHV1	IGKV6	Kappa	None	None	None	None	None
4i3r	H	L	0	G	protein	NA	outer domain of hiv-1 gp120 (ker2018 od4.2.2)	Viral Protein/Immune System	11/26/12	Crystal structure of the outer domain of HIV-1 gp120 in complex with VRC-PG04 space group P3221	HUMAN IMMUNODEFICIENCY VIRUS; HOMO SAPIENS	homo sapiens	homo sapiens	human immunodeficiency virus	Joyce, M.G., Biertumpfel, C., Nabel, G.J., Kwong, P.D.	3.0	X-RAY DIFFRACTION	0.245	0.183	False	True	unknown	unknown	unknown	None	None	None	None	None
6aq7	H	L	0	A	protein	NA	major prion protein	IMMUNE SYSTEM	08/18/17	Structure of POM6 FAB fragment complexed with mouse PrPc	MUS MUSCULUS	mus musculus	mus musculus	mus musculus	Baral, P.K., Swayampakula, M., James, M.N.G.	1.83	X-RAY DIFFRACTION	0.230	0.197	False	True	IGHV1	IGKV3	Kappa	None	None	None	None	None
8g8n	A	B	0	C	peptide	NA	cys-pro-gly-lys-gly-leu-pro-ser-cys	IMMUNE SYSTEM	01/17/24	CTLA4 Fab with peptide	Homo sapiens; SYNTHETIC CONSTRUCT	homo sapiens	homo sapiens	synthetic construct	Williams, J.C.	3	X-RAY DIFFRACTION	0.288	0.239	False	True	IGHV1	IGKV6	Kappa	None	None	None	None	None
8g8n	D	E	0	F	peptide	NA	cys-pro-gly-lys-gly-leu-pro-ser-cys	IMMUNE SYSTEM	01/17/24	CTLA4 Fab with peptide	Homo sapiens; SYNTHETIC CONSTRUCT	homo sapiens	homo sapiens	synthetic construct	Williams, J.C.	3	X-RAY DIFFRACTION	0.288	0.239	False	True	IGHV1	IGKV6	Kappa	None	None	None	None	None
8g8n	G	I	0	J	peptide	NA	cys-pro-gly-lys-gly-leu-pro-ser-cys	IMMUNE SYSTEM	01/17/24	CTLA4 Fab with peptide	Homo sapiens; SYNTHETIC CONSTRUCT	homo sapiens	homo sapiens	synthetic construct	Williams, J.C.	3	X-RAY DIFFRACTION	0.288	0.239	False	True	IGHV1	IGKV6	Kappa	None	None	None	None	None
8g8n	H	L	0	P	peptide	NA	cys-pro-gly-lys-gly-leu-pro-ser-cys	IMMUNE SYSTEM	01/17/24	CTLA4 Fab with peptide	Homo sapiens; SYNTHETIC CONSTRUCT	homo sapiens	homo sapiens	synthetic construct	Williams, J.C.	3	X-RAY DIFFRACTION	0.288	0.239	False	True	IGHV1	IGKV6	Kappa	None	None	None	None	None
8g8n	K	M	0	Z	peptide	NA	cys-pro-gly-lys-gly-leu-pro-ser-cys	IMMUNE SYSTEM	01/17/24	CTLA4 Fab with peptide	Homo sapiens; SYNTHETIC CONSTRUCT	homo sapiens	homo sapiens	synthetic construct	Williams, J.C.	3	X-RAY DIFFRACTION	0.288	0.239	False	True	IGHV1	IGKV6	Kappa	None	None	None	None	None
8g8n	O	Q	0	R	peptide	NA	cys-pro-gly-lys-gly-leu-pro-ser-cys	IMMUNE SYSTEM	01/17/24	CTLA4 Fab with peptide	Homo sapiens; SYNTHETIC CONSTRUCT	homo sapiens	homo sapiens	synthetic construct	Williams, J.C.	3	X-RAY DIFFRACTION	0.288	0.239	False	True	IGHV1	IGKV6	Kappa	None	None	None	None	None
4m1g	H	L	0	B | A	protein | protein	NA | NA	a33r | a33r	IMMUNE SYSTEM	08/02/13	Structure of murine IgG2a A27D7-Fab in complex with vaccinia antigen A33R at the resolution of 1.6 Angstroms	MUS MUSCULUS; VACCINIA VIRUS	mus musculus	mus musculus	vaccinia virus | vaccinia virus	Matho, M.H., Schlossman, A.M., Zajonc, D.M.	1.6	X-RAY DIFFRACTION	0.226	0.201	False	True	IGHV2	IGKV4	Kappa	None	None	None	None	None
4r4n	F	G	0	E	protein	NA	m48u1 peptide	VIRAL PROTEIN/IMMUNE SYSTEM/INHIBITOR	08/19/14	Crystal structure of the anti-hiv-1 antibody 2.2c in complex with hiv-1 93ug037 gp120	HUMAN IMMUNODEFICIENCY VIRUS 1; HOMO SAPIENS; SYNTHETIC CONSTRUCT	homo sapiens	homo sapiens	human immunodeficiency virus 1	Acharya, P., Louder, R., Kwong, P.D.	3.56	X-RAY DIFFRACTION	0.328	0.296	False	True	IGHV4	IGKV1	Kappa	None	None	None	None	None
4r4n	N	O	0	M | a	protein | peptide	NA | NA	m48u1 peptide | unknown	VIRAL PROTEIN/IMMUNE SYSTEM/INHIBITOR	08/19/14	Crystal structure of the anti-hiv-1 antibody 2.2c in complex with hiv-1 93ug037 gp120	HUMAN IMMUNODEFICIENCY VIRUS 1; HOMO SAPIENS; SYNTHETIC CONSTRUCT	homo sapiens	homo sapiens	human immunodeficiency virus 1 | synthetic construct	Acharya, P., Louder, R., Kwong, P.D.	3.56	X-RAY DIFFRACTION	0.328	0.296	False	True	IGHV4	IGKV1	Kappa	None	None	None	None	None
4r4n	C	D	0	B | p	protein | peptide	NA | NA	m48u1 peptide | unknown	VIRAL PROTEIN/IMMUNE SYSTEM/INHIBITOR	08/19/14	Crystal structure of the anti-hiv-1 antibody 2.2c in complex with hiv-1 93ug037 gp120	HUMAN IMMUNODEFICIENCY VIRUS 1; HOMO SAPIENS; SYNTHETIC CONSTRUCT	homo sapiens	homo sapiens	human immunodeficiency virus 1 | synthetic construct	Acharya, P., Louder, R., Kwong, P.D.	3.56	X-RAY DIFFRACTION	0.328	0.296	False	True	IGHV4	IGKV1	Kappa	None	None	None	None	None
4r4n	W	X	0	V | i	protein | peptide	NA | NA	m48u1 peptide | unknown	VIRAL PROTEIN/IMMUNE SYSTEM/INHIBITOR	08/19/14	Crystal structure of the anti-hiv-1 antibody 2.2c in complex with hiv-1 93ug037 gp120	HUMAN IMMUNODEFICIENCY VIRUS 1; HOMO SAPIENS; SYNTHETIC CONSTRUCT	homo sapiens	homo sapiens	human immunodeficiency virus 1 | synthetic construct	Acharya, P., Louder, R., Kwong, P.D.	3.56	X-RAY DIFFRACTION	0.328	0.296	False	True	IGHV4	IGKV1	Kappa	None	None	None	None	None
4r4n	Q	R	0	P | b	protein | peptide	NA | NA	m48u1 peptide | unknown	VIRAL PROTEIN/IMMUNE SYSTEM/INHIBITOR	08/19/14	Crystal structure of the anti-hiv-1 antibody 2.2c in complex with hiv-1 93ug037 gp120	HUMAN IMMUNODEFICIENCY VIRUS 1; HOMO SAPIENS; SYNTHETIC CONSTRUCT	homo sapiens	homo sapiens	human immunodeficiency virus 1 | synthetic construct	Acharya, P., Louder, R., Kwong, P.D.	3.56	X-RAY DIFFRACTION	0.328	0.296	False	True	IGHV4	IGKV1	Kappa	None	None	None	None	None
4r4n	J	K	0	I | v	protein | peptide	NA | NA	m48u1 peptide | unknown	VIRAL PROTEIN/IMMUNE SYSTEM/INHIBITOR	08/19/14	Crystal structure of the anti-hiv-1 antibody 2.2c in complex with hiv-1 93ug037 gp120	HUMAN IMMUNODEFICIENCY VIRUS 1; HOMO SAPIENS; SYNTHETIC CONSTRUCT	homo sapiens	homo sapiens	human immunodeficiency virus 1 | synthetic construct	Acharya, P., Louder, R., Kwong, P.D.	3.56	X-RAY DIFFRACTION	0.328	0.296	False	True	IGHV4	IGKV1	Kappa	None	None	None	None	None
4r4n	T	U	0	S	protein	NA	m48u1 peptide	VIRAL PROTEIN/IMMUNE SYSTEM/INHIBITOR	08/19/14	Crystal structure of the anti-hiv-1 antibody 2.2c in complex with hiv-1 93ug037 gp120	HUMAN IMMUNODEFICIENCY VIRUS 1; HOMO SAPIENS; SYNTHETIC CONSTRUCT	homo sapiens	homo sapiens	human immunodeficiency virus 1	Acharya, P., Louder, R., Kwong, P.D.	3.56	X-RAY DIFFRACTION	0.328	0.296	False	True	IGHV4	IGKV1	Kappa	None	None	None	None	None
4r4n	H	L	0	A | m	protein | peptide	NA | NA	m48u1 peptide | unknown	VIRAL PROTEIN/IMMUNE SYSTEM/INHIBITOR	08/19/14	Crystal structure of the anti-hiv-1 antibody 2.2c in complex with hiv-1 93ug037 gp120	HUMAN IMMUNODEFICIENCY VIRUS 1; HOMO SAPIENS; SYNTHETIC CONSTRUCT	homo sapiens	homo sapiens	human immunodeficiency virus 1 | synthetic construct	Acharya, P., Louder, R., Kwong, P.D.	3.56	X-RAY DIFFRACTION	0.328	0.296	False	True	IGHV4	IGKV1	Kappa	None	None	None	None	None
6bpe	E	F	0	D	protein	NA	reticulocyte binding protein 2, putative	CELL INVASION	11/22/17	Plasmodium vivax reticulocyte binding protein 2b (PvRBP2b) bound to monoclonal antibody 6H1	PLASMODIUM VIVAX (STRAIN SALVADOR I); MUS MUSCULUS	mus musculus	mus musculus	plasmodium vivax (strain salvador i)	Gruszczyk, J., Chan, L.J., Tham, W.H.	3.34	X-RAY DIFFRACTION	0.367	0.318	False	False	IGHV5	IGKV6	Kappa	None	None	None	None	None
6bpe	H	I	0	G	protein	NA	reticulocyte binding protein 2, putative	CELL INVASION	11/22/17	Plasmodium vivax reticulocyte binding protein 2b (PvRBP2b) bound to monoclonal antibody 6H1	PLASMODIUM VIVAX (STRAIN SALVADOR I); MUS MUSCULUS	mus musculus	mus musculus	plasmodium vivax (strain salvador i)	Gruszczyk, J., Chan, L.J., Tham, W.H.	3.34	X-RAY DIFFRACTION	0.367	0.318	False	False	IGHV5	IGKV6	Kappa	None	None	None	None	None
6bpe	B	C	0	A	protein	NA	reticulocyte binding protein 2, putative	CELL INVASION	11/22/17	Plasmodium vivax reticulocyte binding protein 2b (PvRBP2b) bound to monoclonal antibody 6H1	PLASMODIUM VIVAX (STRAIN SALVADOR I); MUS MUSCULUS	mus musculus	mus musculus	plasmodium vivax (strain salvador i)	Gruszczyk, J., Chan, L.J., Tham, W.H.	3.34	X-RAY DIFFRACTION	0.367	0.318	False	False	IGHV5	IGKV6	Kappa	None	None	None	None	None
3ve0	A	B	0	J | J | I	carbohydrate | protein | protein	NAG | NA | NA	N-ACETYL-D-GLUCOSAMINE | envelope glycoprotein | envelope glycoprotein	Immune system/viral protein	01/06/12	Crystal structure of Sudan Ebolavirus Glycoprotein (strain Boniface) bound to 16F6	SUDAN EBOLAVIRUS; MUS MUSCULUS	mus musculus	mus musculus	sudan ebolavirus | sudan ebolavirus | sudan ebolavirus	Saphire, E.O., Bale, S., Dias, J.M.	3.353	X-RAY DIFFRACTION	0.289	0.222	False	False	IGHV5	IGKV6	Kappa	None	None	None
2fl5	H	L	0	H	Hapten	RBF	RIBOFLAVIN	IMMUNE SYSTEM	01/05/06	Cofactor-containing antibodies: Crystal structure of the original yellow antibody	HOMO SAPIENS	homo sapiens	homo sapiens	homo sapiens	Zhu, X., Wilson, I.A.	3.0	X-RAY DIFFRACTION	0.290	0.240	False	False	IGHV3	IGLV3	Lambda	None	None	None	None	None
2fl5	F	E	0	F	Hapten	RBF	RIBOFLAVIN	IMMUNE SYSTEM	01/05/06	Cofactor-containing antibodies: Crystal structure of the original yellow antibody	HOMO SAPIENS	homo sapiens	homo sapiens	homo sapiens	Zhu, X., Wilson, I.A.	3.0	X-RAY DIFFRACTION	0.290	0.240	False	False	IGHV3	IGLV3	Lambda	None	None	None	None	None
2fl5	D	C	0	D	Hapten	RBF	RIBOFLAVIN	IMMUNE SYSTEM	01/05/06	Cofactor-containing antibodies: Crystal structure of the original yellow antibody	HOMO SAPIENS	homo sapiens	homo sapiens	homo sapiens	Zhu, X., Wilson, I.A.	3.0	X-RAY DIFFRACTION	0.290	0.240	False	False	IGHV3	IGLV3	Lambda	None	None	None	None	None
2fl5	B	A	0	B	Hapten	RBF	RIBOFLAVIN	IMMUNE SYSTEM	01/05/06	Cofactor-containing antibodies: Crystal structure of the original yellow antibody	HOMO SAPIENS	homo sapiens	homo sapiens	homo sapiens	Zhu, X., Wilson, I.A.	3.0	X-RAY DIFFRACTION	0.290	0.240	False	False	IGHV3	IGLV3	Lambda	None	None	None	None	None
5xct	A	B	0	C	peptide	NA	c8 peptide	IMMUNE SYSTEM	03/23/17	Crystal structure of P20.1 Fv-clasp fragment with its antigen peptide	MUS MUSCULUS; HOMO SAPIENS; SYNTHETIC CONSTRUCT	mus musculus, homo sapiens	mus musculus, homo sapiens	homo sapiens	Arimori, T., Takagi, J.	1.17	X-RAY DIFFRACTION	0.185	0.152	False	True	IGHV9	IGLV1	Lambda	None	None	None	None	None
3qpx	H	L	0	NA	NA	NA	NA	IMMUNE SYSTEM	02/14/11	Crystal structure of Fab C2507	HOMO SAPIENS, RATTUS NORVEGICUS	homo sapiens, rattus norvegicus	homo sapiens, rattus norvegicus		Luo, J., Teplyakov, A., Obmolova, O., Malia, T., Gilliland, G.L.	2.0	X-RAY DIFFRACTION	0.264	0.225	False	True	IGHV5	IGKV22	Kappa	None	None	None	None	None
8tmz	H	L	0	A	peptide	NA	stem helix peptide of spike glycoprotein	VIRAL PROTEIN/IMMUNE SYSTEM	07/31/24	Crystal structure of MERS-CoV spike stem helix peptide in complex with neutralizing antibody CHM-27	Macaca mulatta; SYNTHETIC CONSTRUCT	macaca mulatta	macaca mulatta	middle east respiratory syndrome-relatedcoronavirus 	Yuan, M., Wilson, I.A.	1.8	X-RAY DIFFRACTION	0.294	0.245	False	True	IGHV1	IGLV1	Lambda	None	None	None	None	None
7sx7	H	L	0	G	protein	NA	clade a/e 93th057 hiv-1 gp120 core	IMMUNE SYSTEM/VIRAL PROTEIN	11/30/22	Crystal structure of broadly neutralizing antibody N49P9.3-FR3-3 Fab in complex with HIV-1 Clade A/E strain 93TH057 gp120 core	Homo; Homo sapiens; Human immunodeficiency virus 1	homo	homo sapiens	human immunodeficiency virus 1	Tolbert, W.D., Pazgier, M.	2.15	X-RAY DIFFRACTION	0.266	0.209	False	True	unknown	unknown	unknown	None	None	None	None	None
7sx7	B	C	0	A	protein	NA	clade a/e 93th057 hiv-1 gp120 core	IMMUNE SYSTEM/VIRAL PROTEIN	11/30/22	Crystal structure of broadly neutralizing antibody N49P9.3-FR3-3 Fab in complex with HIV-1 Clade A/E strain 93TH057 gp120 core	Homo; Homo sapiens; Human immunodeficiency virus 1	homo	homo sapiens	human immunodeficiency virus 1	Tolbert, W.D., Pazgier, M.	2.15	X-RAY DIFFRACTION	0.266	0.209	False	True	unknown	unknown	unknown	None	None	None	None	None
3v6o	C	E	0	A	protein	NA	leptin receptor	IMMUNE SYSTEM	12/20/11	Leptin Receptor-antibody complex	HOMO SAPIENS; MUS MUSCULUS	mus musculus	mus musculus	homo sapiens	Carpenter, B., Hemsworth, G.R., Ross, R.J., Artymiuk, P.J.	1.95	X-RAY DIFFRACTION	0.213	0.171	False	False	IGHV2	IGKV6	Kappa	None	None	None	None	None
3v6o	D	F	0	B	protein	NA	leptin receptor	IMMUNE SYSTEM	12/20/11	Leptin Receptor-antibody complex	HOMO SAPIENS; MUS MUSCULUS	mus musculus	mus musculus	homo sapiens	Carpenter, B., Hemsworth, G.R., Ross, R.J., Artymiuk, P.J.	1.95	X-RAY DIFFRACTION	0.213	0.171	False	False	IGHV2	IGKV6	Kappa	None	None	None	None	None
4ydl	B	C	0	A	protein	NA	envelope glycoprotein gp160,envelope glycoprotein gp160	IMMUNE SYSTEM	02/22/15	Crystal structure of broadly and potently neutralizing antibody C38-VRC18.02 in complex with HIV-1 clade AE strain 93TH057gp120	HUMAN IMMUNODEFICIENCY VIRUS 1; HOMO SAPIENS	homo sapiens	homo sapiens	human immunodeficiency virus 1	Zhou, T., Srivatsan, S., Kwong, P.D.	1.8	X-RAY DIFFRACTION	0.207	0.174	False	True	unknown	IGKV3	Kappa	None	None	None	None	None
4ydl	H	L	0	G	protein	NA	envelope glycoprotein gp160,envelope glycoprotein gp160	IMMUNE SYSTEM	02/22/15	Crystal structure of broadly and potently neutralizing antibody C38-VRC18.02 in complex with HIV-1 clade AE strain 93TH057gp120	HUMAN IMMUNODEFICIENCY VIRUS 1; HOMO SAPIENS	homo sapiens	homo sapiens	human immunodeficiency virus 1	Zhou, T., Srivatsan, S., Kwong, P.D.	1.8	X-RAY DIFFRACTION	0.207	0.174	False	True	unknown	IGKV3	Kappa	None	None	None	None	None
6b0n	D	E	0	G	protein	NA	envelope glycoprotein gp140	Viral protein/immune system	09/14/17	Crystal structure of the cleavage-independent prefusion HIV Env glycoprotein trimer of the clade A BG505 isolate (NFL construct) in complex with Fabs PGT122 and PGV19 at 3.39 A	HOMO SAPIENS; HUMAN IMMUNODEFICIENCY VIRUS 1	homo sapiens	homo sapiens	human immunodeficiency virus 1	Sarkar, A., Irimia, A., Wilson, I.A.	3.4	X-RAY DIFFRACTION	0.346	0.335	False	True	unknown	IGLV2	Lambda	None	None	None	None	None
6b0n	H	L	0	G	protein	NA	envelope glycoprotein gp140	Viral protein/immune system	09/14/17	Crystal structure of the cleavage-independent prefusion HIV Env glycoprotein trimer of the clade A BG505 isolate (NFL construct) in complex with Fabs PGT122 and PGV19 at 3.39 A	HOMO SAPIENS; HUMAN IMMUNODEFICIENCY VIRUS 1	homo sapiens	homo sapiens	human immunodeficiency virus 1	Sarkar, A., Irimia, A., Wilson, I.A.	3.4	X-RAY DIFFRACTION	0.346	0.335	False	True	IGHV4	unknown	unknown	None	None	None	None	None
6z06	H	L	0	A	protein	NA	envelope polyprotein	VIRAL PROTEIN	05/07/20	Crystal structure of Puumala virus Gc in complex with Fab 4G2	MYODES GLAREOLUS; PUUMALA ORTHOHANTAVIRUS	myodes glareolus	myodes glareolus	puumala orthohantavirus	Rissanen, I.R., Stass, R., Krumm, S.A., Seow, J., Hulswit, R.J.G., Paesen, G.C., Hepojoki, J., Vapalahti, O., Lundkvist, A., Reynard, O., Volchkov, V., Doores, K.J., Huiskonen, J.T., Bowden, T.A.	3.5	X-RAY DIFFRACTION	0.264	0.217	False	True	IGHV5	unknown	unknown	None	None	None	None	None
1uj3	B	A	0	C	protein	NA	tissue factor	IMMUNE SYSTEM/BLOOD CLOTTING	07/25/03	Crystal structure of a humanized Fab fragment of anti-tissue-factor antibody in complex with tissue factor	HOMO SAPIENS	homo sapiens	homo sapiens	homo sapiens	Ohto, U., Mizutani, R., Nakamura, M., Adachi, H., Satow, Y.	2.1	X-RAY DIFFRACTION	0.227	0.196	False	True	IGHV1	IGKV1D	Kappa	None	None	None	None	None
1ct8	B	A	0	D	Hapten	TAA	[4-(2,2,2-TRIFLUORO-ACETYLAMINO)-BENZYL]-PHOSPHONIC ACID MONO-[2-(2,2-DICHLORO-1-HYDROXY-ETHYLAMINO)-3-HYDROXY-1-(4-NITRO-PHENYL)-PROPYL] ESTER	IMMUNE SYSTEM	08/20/99	CATALYTIC ANTIBODY 7C8 COMPLEX	MUS MUSCULUS	mus musculus	mus musculus	mus musculus	Gigant, B., Tsumuraya, T., Fujii, I., Knossow, M.	2.2	X-RAY DIFFRACTION	0.275	0.211	False	False	IGHV1	IGKV5	Kappa	None	None	None	None	None
1ct8	D	C	0	D	Hapten	TAA	[4-(2,2,2-TRIFLUORO-ACETYLAMINO)-BENZYL]-PHOSPHONIC ACID MONO-[2-(2,2-DICHLORO-1-HYDROXY-ETHYLAMINO)-3-HYDROXY-1-(4-NITRO-PHENYL)-PROPYL] ESTER	IMMUNE SYSTEM	08/20/99	CATALYTIC ANTIBODY 7C8 COMPLEX	MUS MUSCULUS	mus musculus	mus musculus	mus musculus	Gigant, B., Tsumuraya, T., Fujii, I., Knossow, M.	2.2	X-RAY DIFFRACTION	0.275	0.211	False	False	IGHV1	IGKV5	Kappa	None	None	None	None	None
1b2w	H	L	0	NA	NA	NA	NA	IMMUNE SYSTEM	12/01/98	COMPARISON OF THE THREE-DIMENSIONAL STRUCTURES OF A HUMANIZED AND A CHIMERIC FAB OF AN ANTI-GAMMA-INTERFERON ANTIBODY	MUS MUSCULUS, HOMO SAPIENS				Fan, Z., Shan, L., Goldsteen, B.Z., Guddat, L.W., Thakur, A., Landolfi, N.F., Co, M.S., Vasquez, M., Queen, C., Ramsland, P.A., Edmundson, A.B.	2.9	X-RAY DIFFRACTION	0.330	0.188	False	False	IGHV3	IGKV1	Kappa	None	None	None	None	None
4j6r	H	L	0	G	protein	NA	envelope glycoprotein gp160	viral protein/immune system	02/11/13	Crystal structure of broadly and potently neutralizing antibody VRC23 in complex with HIV-1 gp120	HUMAN IMMUNODEFICIENCY VIRUS 1; HOMO SAPIENS	homo sapiens	homo sapiens	human immunodeficiency virus 1	Zhou, T., Moquin, S., Kwong P.D.	1.64	X-RAY DIFFRACTION	0.198	0.164	False	True	unknown	IGKV3	Kappa	None	None	None	None	None
8tq7	F	G	0	C	protein	NA	h-2 class i histocompatibility antigen, d-d alpha chain	IMMUNE SYSTEM	03/20/24	Crystal structure of Fab.34.2.12 in complex with MHC-I (H2-Dd)	Mus musculus; SYNTHETIC CONSTRUCT	mus musculus	mus musculus	mus musculus	Jiang, J., Boyd, L.F., Natarajan, K., Margulies, D.H.	2.8	X-RAY DIFFRACTION	0.271	0.225	False	True	IGHV1	IGKV6	Kappa	None	None	None	None	None
8tq7	H	L	0	A	protein	NA	h-2 class i histocompatibility antigen, d-d alpha chain	IMMUNE SYSTEM	03/20/24	Crystal structure of Fab.34.2.12 in complex with MHC-I (H2-Dd)	Mus musculus; SYNTHETIC CONSTRUCT	mus musculus	mus musculus	mus musculus	Jiang, J., Boyd, L.F., Natarajan, K., Margulies, D.H.	2.8	X-RAY DIFFRACTION	0.271	0.225	False	True	IGHV1	IGKV6	Kappa	None	None	None	None	None
5cd3	G	H	0	NA	NA	NA	NA	IMMUNE SYSTEM	07/02/15	Structure of immature VRC01-class antibody DRVIA7	HOMO SAPIENS	homo sapiens	homo sapiens		Kong, L., Wilson, I.A.	2.9	X-RAY DIFFRACTION	0.284	0.234	False	True	IGHV1	IGKV1	Kappa	None	None	None	None	None
5cd3	A	B	0	NA	NA	NA	NA	IMMUNE SYSTEM	07/02/15	Structure of immature VRC01-class antibody DRVIA7	HOMO SAPIENS	homo sapiens	homo sapiens		Kong, L., Wilson, I.A.	2.9	X-RAY DIFFRACTION	0.284	0.234	False	True	IGHV1	IGKV1	Kappa	None	None	None	None	None
5cd3	C	D	0	NA	NA	NA	NA	IMMUNE SYSTEM	07/02/15	Structure of immature VRC01-class antibody DRVIA7	HOMO SAPIENS	homo sapiens	homo sapiens		Kong, L., Wilson, I.A.	2.9	X-RAY DIFFRACTION	0.284	0.234	False	True	IGHV1	IGKV1	Kappa	None	None	None	None	None
5cd3	E	F	0	NA	NA	NA	NA	IMMUNE SYSTEM	07/02/15	Structure of immature VRC01-class antibody DRVIA7	HOMO SAPIENS	homo sapiens	homo sapiens		Kong, L., Wilson, I.A.	2.9	X-RAY DIFFRACTION	0.284	0.234	False	True	IGHV1	IGKV1	Kappa	None	None	None	None	None
6t9e	A	B	0	C	protein	NA	unknown	IMMUNE SYSTEM	10/28/19	Crystal structure of a bispecific DutaFab in complex with human PDGF	HOMO SAPIENS				Kimbung, R., Logan, D.T., Beckmann, R., Jensen, K., Speck, J., Fenn, S., Kettenberger, H.	2.989	X-RAY DIFFRACTION	0.304	0.253	False	False	IGHV3	IGKV1	Kappa	None	None	None	None	None
6t9e	H	L	0	D	protein	NA	unknown	IMMUNE SYSTEM	10/28/19	Crystal structure of a bispecific DutaFab in complex with human PDGF	HOMO SAPIENS				Kimbung, R., Logan, D.T., Beckmann, R., Jensen, K., Speck, J., Fenn, S., Kettenberger, H.	2.989	X-RAY DIFFRACTION	0.304	0.253	False	False	IGHV3	IGKV1	Kappa	None	None	None	None	None
1kcs	H	L	0	P	peptide	NA	ps1 peptide	IMMUNE SYSTEM	11/11/01	CRYSTAL STRUCTURE OF ANTIBODY PC282 IN COMPLEX WITH PS1 PEPTIDE	MUS MUSCULUS; SYNTHETIC CONSTRUCT	mus musculus	mus musculus		Nair, D.T., Singh, K., Siddiqui, Z., Nayak, B.P., Rao, K.V.S., Salunke, D.M.	2.5	X-RAY DIFFRACTION	0.277	0.209	False	False	IGHV3	IGKV6	Kappa	None	None	None	None	None
6dwi	P	O	0	NA	NA	NA	NA	IMMUNE SYSTEM	06/26/18	Structure of the 4462 Antibody Fab fragment bound to a Staphylococcus aureus wall techoic acid analog	HOMO SAPIENS	homo sapiens	homo sapiens		Fong, R., Lupardus, P.J.	2.39	X-RAY DIFFRACTION	0.249	0.203	False	True	IGHV3	IGKV3	Kappa	None	None	None	None	None
6dwi	N	M	0	NA	NA	NA	NA	IMMUNE SYSTEM	06/26/18	Structure of the 4462 Antibody Fab fragment bound to a Staphylococcus aureus wall techoic acid analog	HOMO SAPIENS	homo sapiens	homo sapiens		Fong, R., Lupardus, P.J.	2.39	X-RAY DIFFRACTION	0.249	0.203	False	True	IGHV3	IGKV3	Kappa	None	None	None	None	None
6dwi	J	I	0	J	carbohydrate	HD4	4-O-[2-acetamido-2-deoxy-beta-D-glucopyranosyl]-1-O-phosphono-D-ribitol	IMMUNE SYSTEM	06/26/18	Structure of the 4462 Antibody Fab fragment bound to a Staphylococcus aureus wall techoic acid analog	HOMO SAPIENS	homo sapiens	homo sapiens	homo sapiens	Fong, R., Lupardus, P.J.	2.39	X-RAY DIFFRACTION	0.249	0.203	False	True	IGHV3	IGKV3	Kappa	None	None	None	None	None
6dwi	F	E	0	NA	NA	NA	NA	IMMUNE SYSTEM	06/26/18	Structure of the 4462 Antibody Fab fragment bound to a Staphylococcus aureus wall techoic acid analog	HOMO SAPIENS	homo sapiens	homo sapiens		Fong, R., Lupardus, P.J.	2.39	X-RAY DIFFRACTION	0.249	0.203	False	True	IGHV3	IGKV3	Kappa	None	None	None	None	None
6dwi	D	C	0	D	carbohydrate	HD4	4-O-[2-acetamido-2-deoxy-beta-D-glucopyranosyl]-1-O-phosphono-D-ribitol	IMMUNE SYSTEM	06/26/18	Structure of the 4462 Antibody Fab fragment bound to a Staphylococcus aureus wall techoic acid analog	HOMO SAPIENS	homo sapiens	homo sapiens	homo sapiens	Fong, R., Lupardus, P.J.	2.39	X-RAY DIFFRACTION	0.249	0.203	False	True	IGHV3	IGKV3	Kappa	None	None	None	None	None
6dwi	B	A	0	NA	NA	NA	NA	IMMUNE SYSTEM	06/26/18	Structure of the 4462 Antibody Fab fragment bound to a Staphylococcus aureus wall techoic acid analog	HOMO SAPIENS	homo sapiens	homo sapiens		Fong, R., Lupardus, P.J.	2.39	X-RAY DIFFRACTION	0.249	0.203	False	True	IGHV3	IGKV3	Kappa	None	None	None	None	None
6dwi	L	K	0	L	carbohydrate	HD4	4-O-[2-acetamido-2-deoxy-beta-D-glucopyranosyl]-1-O-phosphono-D-ribitol	IMMUNE SYSTEM	06/26/18	Structure of the 4462 Antibody Fab fragment bound to a Staphylococcus aureus wall techoic acid analog	HOMO SAPIENS	homo sapiens	homo sapiens	homo sapiens	Fong, R., Lupardus, P.J.	2.39	X-RAY DIFFRACTION	0.249	0.203	False	True	IGHV3	IGKV3	Kappa	None	None	None	None	None
6dwi	H	G	0	H	carbohydrate	HD4	4-O-[2-acetamido-2-deoxy-beta-D-glucopyranosyl]-1-O-phosphono-D-ribitol	IMMUNE SYSTEM	06/26/18	Structure of the 4462 Antibody Fab fragment bound to a Staphylococcus aureus wall techoic acid analog	HOMO SAPIENS	homo sapiens	homo sapiens	homo sapiens	Fong, R., Lupardus, P.J.	2.39	X-RAY DIFFRACTION	0.249	0.203	False	True	IGHV3	IGKV3	Kappa	None	None	None	None	None
7s13	I	M	0	C	protein	NA	t-cell surface protein tactile	IMMUNE SYSTEM	08/31/21	Crystal structure of Fab in complex with mouse CD96 dimer	RATTUS; MUS MUSCULUS	rattus	rattus	mus musculus	Lee, P.S., Barman, I., Strop, P.	2.12	X-RAY DIFFRACTION	0.265	0.217	False	True	IGHV2	IGLV3	Lambda	None	None	None	None	None
7s13	H	L	0	D	protein	NA	t-cell surface protein tactile	IMMUNE SYSTEM	08/31/21	Crystal structure of Fab in complex with mouse CD96 dimer	RATTUS; MUS MUSCULUS	rattus	rattus	mus musculus	Lee, P.S., Barman, I., Strop, P.	2.12	X-RAY DIFFRACTION	0.265	0.217	False	True	IGHV2	IGLV3	Lambda	None	None	None	None	None
4ydi	H	L	0	G	protein	NA	envelope glycoprotein gp160	IMMUNE SYSTEM	02/22/15	Crystal structure of broad and potently neutralizing VRC01-class antibody Z258-VRC27.01, isolated from human donor Z258, in complex with HIV-1 gp120 from clade A strain Q23.17	HUMAN IMMUNODEFICIENCY VIRUS 1; HOMO SAPIENS	homo sapiens	homo sapiens	human immunodeficiency virus 1	Zhou, T., Srivatsan, S., Kwong, P.D.	3.452	X-RAY DIFFRACTION	0.276	0.222	False	True	IGHV1	IGKV1	Kappa	None	None	None	None	None
3mj8	B	A	0	NA	NA	NA	NA	IMMUNE SYSTEM	04/12/10	Crystal structure of HL4E10 Fab, a hamster Ab stimulatory for gammadelta T cells	CRICETULUS MIGRATORIUS	cricetulus migratorius	cricetulus migratorius		Verdino, P., Wilson, I.A.	2.94	X-RAY DIFFRACTION	0.281	0.227	False	False	IGHV2	IGLV3	Lambda	None	None	None	None	None
3mj8	H	L	0	NA	NA	NA	NA	IMMUNE SYSTEM	04/12/10	Crystal structure of HL4E10 Fab, a hamster Ab stimulatory for gammadelta T cells	CRICETULUS MIGRATORIUS	cricetulus migratorius	cricetulus migratorius		Verdino, P., Wilson, I.A.	2.94	X-RAY DIFFRACTION	0.281	0.227	False	False	IGHV2	IGLV3	Lambda	None	None	None	None	None
5dfw	H	H	0	A	protein	NA	cd81 antigen	CELL ADHESION	08/27/15	CRYSTAL STRUCTURE OF HUMAN CD81 LARGE EXTRACELLULAR LOOP IN COMPLEX WITH SINGLE CHAIN FV FRAGMENT K13	MUS MUSCULUS; HOMO SAPIENS	mus musculus		homo sapiens	Harris, S.F., Villasenor, A., Kuglstatter, A.	2.33	X-RAY DIFFRACTION	0.264	0.190	True	True	unknown	unknown	unknown	None	None	None	None	None
4gw4	A	B	0	NA	NA	NA	NA	IMMUNE SYSTEM	08/31/12	Crystal structure of 3BNC60 Fab with P61A mutation	HOMO SAPIENS	homo sapiens	homo sapiens		Diskin, R., Fu, B.Z., Bjorkman, P.J.	2.65	X-RAY DIFFRACTION	0.256	0.213	False	True	IGHV1	IGKV1	Kappa	None	None	None	None	None
4gw4	H	L	0	NA	NA	NA	NA	IMMUNE SYSTEM	08/31/12	Crystal structure of 3BNC60 Fab with P61A mutation	HOMO SAPIENS	homo sapiens	homo sapiens		Diskin, R., Fu, B.Z., Bjorkman, P.J.	2.65	X-RAY DIFFRACTION	0.256	0.213	False	True	IGHV1	IGKV1	Kappa	None	None	None	None	None
5ldn	H	L	0	A	protein	NA	hexon protein,hexon capsid	VIRAL PROTEIN	06/27/16	A viral capsid:antibody complex	HUMAN ADENOVIRUS C SEROTYPE 5; HUMAN ADENOVIRUS 5; MUS MUSCULUS	mus musculus	mus musculus	human adenovirus c serotype 5, human adenovirus5 	James, L.	2.7	X-RAY DIFFRACTION	0.223	0.164	False	True	IGHV2	IGKV6	Kappa	None	None	None	None	None
6bfq	H	L	0	K	protein	NA	granulocyte-macrophage colony-stimulating factor	IMMUNE SYSTEM	10/26/17	The mechanism of GM-CSF inhibition by human GM-CSF auto-antibodies	HOMO SAPIENS	homo sapiens	homo sapiens	homo sapiens	Dhagat, U., Hercus, T.R., Broughton, S.E., Nero, T.L., Lopez, A.F., Parker, M.W.	2.6	X-RAY DIFFRACTION	0.264	0.230	False	True	IGHV4	IGKV1	Kappa	None	None	None	None	None
6bfq	E	F	0	J	protein	NA	granulocyte-macrophage colony-stimulating factor	IMMUNE SYSTEM	10/26/17	The mechanism of GM-CSF inhibition by human GM-CSF auto-antibodies	HOMO SAPIENS	homo sapiens	homo sapiens	homo sapiens	Dhagat, U., Hercus, T.R., Broughton, S.E., Nero, T.L., Lopez, A.F., Parker, M.W.	2.6	X-RAY DIFFRACTION	0.264	0.230	False	True	IGHV4	IGKV1	Kappa	None	None	None	None	None
6bfq	C	D	0	G	protein	NA	granulocyte-macrophage colony-stimulating factor	IMMUNE SYSTEM	10/26/17	The mechanism of GM-CSF inhibition by human GM-CSF auto-antibodies	HOMO SAPIENS	homo sapiens	homo sapiens	homo sapiens	Dhagat, U., Hercus, T.R., Broughton, S.E., Nero, T.L., Lopez, A.F., Parker, M.W.	2.6	X-RAY DIFFRACTION	0.264	0.230	False	True	IGHV4	IGKV1	Kappa	None	None	None	None	None
6bfq	A	B	0	I	protein	NA	granulocyte-macrophage colony-stimulating factor	IMMUNE SYSTEM	10/26/17	The mechanism of GM-CSF inhibition by human GM-CSF auto-antibodies	HOMO SAPIENS	homo sapiens	homo sapiens	homo sapiens	Dhagat, U., Hercus, T.R., Broughton, S.E., Nero, T.L., Lopez, A.F., Parker, M.W.	2.6	X-RAY DIFFRACTION	0.264	0.230	False	True	IGHV4	IGKV1	Kappa	None	None	None	None	None
6x1u	H	L	0	D	peptide	NA	aclyana-3-ptza peptide	IMMUNE SYSTEM	05/19/20	Structure of pHis Fab (SC39-4) in complex with pHis mimetic peptide	ORYCTOLAGUS CUNICULUS; SYNTHETIC CONSTRUCT	oryctolagus cuniculus	oryctolagus cuniculus	synthetic construct	Kalagiri, R., Stanfield, R., Wilson, I.A., Hunter, T.	1.641	X-RAY DIFFRACTION	0.225	0.189	False	True	IGHV1	IGKV1	Kappa	None	None	None	None	None
6x1u	A	B	0	C	peptide	NA	aclyana-3-ptza peptide	IMMUNE SYSTEM	05/19/20	Structure of pHis Fab (SC39-4) in complex with pHis mimetic peptide	ORYCTOLAGUS CUNICULUS; SYNTHETIC CONSTRUCT	oryctolagus cuniculus	oryctolagus cuniculus	synthetic construct	Kalagiri, R., Stanfield, R., Wilson, I.A., Hunter, T.	1.641	X-RAY DIFFRACTION	0.225	0.189	False	True	IGHV1	IGKV1	Kappa	None	None	None	None	None
5wb9	H	L	0	G	protein	NA	clade a/e 93th057 hiv-1 gp120 core	VIRAL PROTEIN	06/28/17	Crystal structure of CD4 binding site antibody N60P23 in complex with HIV-1 clade A/E strain 93TH057 gp120 core	HUMAN IMMUNODEFICIENCY VIRUS 1; HOMO SAPIENS	homo sapiens	homo sapiens	human immunodeficiency virus 1	Gohain, N., Tolbert, W., Pazgier, M.	2.4	X-RAY DIFFRACTION	0.258	0.213	False	True	unknown	IGKV1	Kappa	None	None	None	None	None
4ocr	H	L	0	NA	NA	NA	NA	IMMUNE SYSTEM	01/09/14	Crystal structure of human Fab CAP256-VRC26.01, a potent V1V2-directed HIV-1 neutralizing antibody	HOMO SAPIENS	homo sapiens	homo sapiens		Gorman, J., Doria-Rose, N.A., Schramm, C.A., Moore, P.L., Mascola, J.R., Shapiro, L., Morris, L., Kwong, P.D.	1.895	X-RAY DIFFRACTION	0.200	0.180	False	True	IGHV3	IGLV1	Lambda	None	None	None	None	None
5tih	H	L	0	A	protein	NA	cysteine-rich protective antigen	IMMUNE SYSTEM	10/03/16	Structural basis for inhibition of erythrocyte invasion by antibodies to Plasmodium falciparum protein CyRPA	PLASMODIUM FALCIPARUM; MUS MUSCULUS	mus musculus	mus musculus	plasmodium falciparum	Chen, L., Xu, Y., Wang, W., Thompson, J.K., Goddard-Borger, E., Lawrence, M.C., Cowman, A.F.	2.44	X-RAY DIFFRACTION	0.212	0.189	False	True	IGHV1	IGKV9	Kappa	None	None	None	None	None
2h32	H	A	0	B	protein	NA	immunoglobulin omega chain	IMMUNE SYSTEM	05/22/06	Crystal structure of the pre-B cell receptor	HOMO SAPIENS	homo sapiens	homo sapiens	homo sapiens	Bankovich, A.J.	2.7	X-RAY DIFFRACTION	0.295	0.267	False	True	unknown	unknown	unknown	None	None	None	None	None
7fab	H	L	0	NA	NA	NA	NA	IMMUNOGLOBULIN	11/20/91	CRYSTAL STRUCTURE OF HUMAN IMMUNOGLOBULIN FRAGMENT FAB NEW REFINED AT 2.0 ANGSTROMS RESOLUTION	HOMO SAPIENS	homo sapiens	homo sapiens		Saul, F., Poljak, R.J.	2.0	X-RAY DIFFRACTION	unknown	0.169	False	True	IGHV4	IGLV1	Lambda	None	None	None	None	None
6nmv	H	L	0	S	protein	NA	tyrosine-protein phosphatase non-receptor type substrate 1	IMMUNE SYSTEM	01/11/19	Non-Blocking Fab 218 anti-SIRP-alpha antibody in complex with SIRP-alpha Variant 1	HOMO SAPIENS	homo sapiens	homo sapiens	homo sapiens	Wibowo, A.S., Carter, J.J., Sim, J.	2.61	X-RAY DIFFRACTION	0.301	0.195	False	True	IGHV3	unknown	unknown	None	None	None	None	None
4laq	H	L	0	NA	NA	NA	NA	IMMUNE SYSTEM	06/20/13	Crystal structures of a therapeutic single chain antibody in the free Form and in complex with amphetamine and 4-hydroxymethamphetamine	MUS MUSCULUS	mus musculus	mus musculus		Celikel, R., Gokulan, K., Peterson, E.C., Varughese, K.I.	2.8	X-RAY DIFFRACTION	0.270	0.208	False	True	IGHV3	IGKV4	Kappa	None	None	None	None	None
8ry2	A	B	0	NA	NA	NA	NA	CYTOKINE	07/31/24	Crystal Structure of ANV419, a novel IL-2/anti-IL-2 antibody fusion protein	Homo sapiens	homo sapiens	homo sapiens		Rondeau, J.M., Wirth, E.	2.05	X-RAY DIFFRACTION	0.224	0.190	False	True	IGHV5	IGKV1	Kappa	None	None	None	None	None
8ry2	H	L	0	NA	NA	NA	NA	CYTOKINE	07/31/24	Crystal Structure of ANV419, a novel IL-2/anti-IL-2 antibody fusion protein	Homo sapiens	homo sapiens	homo sapiens		Rondeau, J.M., Wirth, E.	2.05	X-RAY DIFFRACTION	0.224	0.190	False	True	IGHV5	IGKV1	Kappa	None	None	None	None	None
8sve	H	L	0	NA	NA	NA	NA	CYTOKINE	05/22/24	Structure of Monomeric Interleukin-10 Grafted into and Antibody CDR	Homo sapiens	homo sapiens	homo sapiens		DiDonato, M., Spraggon, G.	2.4	X-RAY DIFFRACTION	0.232	0.188	False	True	IGHV2	IGKV1	Kappa	None	None	None	None	None
8sve	I	M	0	NA	NA	NA	NA	CYTOKINE	05/22/24	Structure of Monomeric Interleukin-10 Grafted into and Antibody CDR	Homo sapiens	homo sapiens	homo sapiens		DiDonato, M., Spraggon, G.	2.4	X-RAY DIFFRACTION	0.232	0.188	False	True	IGHV2	IGKV1	Kappa	None	None	None	None	None
